{"type":"FeatureCollection","crs":{"type":"name","properties":{"name":"EPSG:4326"}},"features":[{"type":"Feature","id":1,"geometry":{"type":"Point","coordinates":[91.846637270261397,22.329527129698945]},"properties":{"latitude":22.329527129999999,"longitude":91.846637270000002,"video":"https://drive.google.com/file/d/19yI93DmCMsJz5qDyfjInH5QJSg1ut0F3/view?usp=drive_link","name":"6","objectid":1,"sl_no":null,"number_of_vent__1_50m_1_80m_":2,"number_of_pumps":6,"pump_capacity_in_cumec":null,"when_to_start_pumps":"32.65","length__m_":null,"remarks___current_status":null,"photo_1":"https://drive.google.com/file/d/1NhRZjtHdloPQgbI38i03dFvG0qaAD3zR/view?usp=drive_link","photo_2":"https://drive.google.com/file/d/1zIgXZUSlOl3-HnwJn7hKtj5V5LLhyQ13/view?usp=drive_link","photo_3":null}},{"type":"Feature","id":2,"geometry":{"type":"Point","coordinates":[91.849321040173308,22.330227740371331]},"properties":{"latitude":22.330227740000002,"longitude":91.849321039999992,"video":null,"name":"6","objectid":2,"sl_no":null,"number_of_vent__1_50m_1_80m_":2,"number_of_pumps":6,"pump_capacity_in_cumec":null,"when_to_start_pumps":"32.65","length__m_":null,"remarks___current_status":null,"photo_1":"https://drive.google.com/file/d/1Y2sgYd5-_S32copv_aeV_zDLKpkCOLJ0/view?usp=drive_link","photo_2":"https://drive.google.com/file/d/1WMbbXhry9wHds5T3LieG6ZMcVJZN0STC/view?usp=drive_link","photo_3":null}},{"type":"Feature","id":3,"geometry":{"type":"Point","coordinates":[91.867159409589561,22.349067850212478]},"properties":{"latitude":22.349067850000001,"longitude":91.867159409999999,"video":null,"name":"4","objectid":3,"sl_no":null,"number_of_vent__1_50m_1_80m_":1,"number_of_pumps":6,"pump_capacity_in_cumec":null,"when_to_start_pumps":null,"length__m_":null,"remarks___current_status":null,"photo_1":"https://drive.google.com/file/d/1BWvw6ZzPEwwzo4ss337nVkQJxJ6ORUER/view?usp=drive_link","photo_2":null,"photo_3":null}},{"type":"Feature","id":4,"geometry":{"type":"Point","coordinates":[91.865294269904496,22.341505719947527]},"properties":{"latitude":22.341505720000001,"longitude":91.865294270000007,"video":null,"name":"3","objectid":4,"sl_no":null,"number_of_vent__1_50m_1_80m_":1,"number_of_pumps":6,"pump_capacity_in_cumec":null,"when_to_start_pumps":null,"length__m_":null,"remarks___current_status":null,"photo_1":"https://drive.google.com/file/d/16pPLHJIEOe8fLe6QNg56Ld9vsUzn8SYb/view?usp=drive_link","photo_2":"https://drive.google.com/file/d/1Tvajlka7_bB9oj10ZF6oTxk-kkXhxEkv/view?usp=drive_link","photo_3":null}},{"type":"Feature","id":1,"geometry":{"type":"LineString","coordinates":[[91.778985899900889,22.296802099898741],[91.773520200267654,22.296512300363709],[91.772452099801555,22.296774799974237],[91.772360099740055,22.296685600180563],[91.771995999978984,22.296700500201311],[91.771835100033513,22.296750099879581],[91.771754600204289,22.297067699976058],[91.771454199979999,22.297142199860136]]},"properties":{"objectid":1,"name":"Chagalnaiya Khal"}},{"type":"Feature","id":3,"geometry":{"type":"LineString","coordinates":[[91.782866052396386,22.273000345563645],[91.782537267205754,22.273046645115503],[91.781565205626691,22.273059873437308],[91.779871244410614,22.273026802214776],[91.778456036715355,22.272993730984457],[91.778398857150918,22.273152472486281],[91.778327381797027,22.27325829977697],[91.778198725980317,22.273297985509902],[91.777676957513847,22.273238457737559],[91.77748397513632,22.273245071473916],[91.777319582540997,22.273112787543333],[91.777233812296004,22.272993730984457],[91.776347520063624,22.273020188468141],[91.77571853946462,22.27303341679244],[91.775389753375691,22.273099558395231],[91.774929660541673,22.273474450553735],[91.774633010783745,22.274168811019567],[91.7742491112555,22.275218419037504],[91.774039711267818,22.27600965654247],[91.773062512223646,22.275896623362261]]},"properties":{"objectid":3,"name":"Saikat Khal"}},{"type":"Feature","id":4,"geometry":{"type":"LineString","coordinates":[[91.807467710025989,22.232704586665431],[91.807361118629331,22.232790920222385],[91.807767498497583,22.233210254004415],[91.808830081511175,22.234002666889179],[91.809599538857668,22.234539162270679],[91.810082531544907,22.234936907148256],[91.811564819137359,22.235858808207734],[91.813554299132477,22.237115037916773],[91.814362899669177,22.237599500210528],[91.813237699588683,22.239667600339082]]},"properties":{"objectid":4,"name":"Patenga Nizam Market Khal"}},{"type":"Feature","id":5,"geometry":{"type":"LineString","coordinates":[[91.791954735723905,22.304520671535606],[91.791647060044141,22.304411419661569],[91.791577204352677,22.30432417035912],[91.791475913914539,22.304295087523226],[91.791347627305441,22.304229422774256],[91.791184691777502,22.304243958797617],[91.791102399809262,22.304265699665855],[91.790856300049001,22.304433399861583],[91.79074809976963,22.304452099692536],[91.790588119699009,22.304424180428477],[91.790425500378063,22.304369799640082],[91.790259199761095,22.304264399818194],[91.790155899791628,22.304201100379725],[91.790099599677831,22.304114200010218],[91.790032500017674,22.304079499686928],[91.789939999594566,22.3039677998594],[91.789903800183552,22.303898300229672],[91.789850099794194,22.303859899764102],[91.789795200153918,22.303852399853724],[91.789697299957609,22.303929299680131],[91.789624799625997,22.304106799846185],[91.789551100043425,22.30420360034368],[91.789508200098751,22.304248199925244],[91.789384800324783,22.304280499976695],[91.789315000328898,22.304276799899121],[91.789088134397147,22.304172556074409],[91.788957600203219,22.304098699890837],[91.78885970000691,22.304064599622073],[91.788779899965277,22.304064000394771],[91.788708200032559,22.304158300126087],[91.788669300285818,22.304366100395999],[91.788727900086741,22.304539699640564],[91.788742800442364,22.304674800357777],[91.788794200246286,22.30477489993503],[91.788853700159137,22.30479990030069],[91.788857700357113,22.304861199838495],[91.788828000257169,22.304962599954482],[91.788706300095726,22.305030100258872]]},"properties":{"objectid":5,"name":"Kumar Khal"}},{"type":"Feature","id":6,"geometry":{"type":"LineString","coordinates":[[91.7798951000713,22.339656400019685],[91.779651999785713,22.339467899977819],[91.779334299805697,22.339374100206722],[91.778664000296914,22.338570900212179],[91.777882734595991,22.337794403372769],[91.777156761997446,22.337072858561104],[91.776179254831135,22.336128212859936],[91.775544052500479,22.335521365286102],[91.775124153885542,22.335124842084387],[91.774746129339249,22.334802279046666],[91.77447989294356,22.334619101158108],[91.774294906470359,22.334491825990593],[91.773839264788592,22.334222028641491],[91.77342119334692,22.333989925809249],[91.773043087053949,22.333802562296388],[91.772777400427202,22.33369330010407],[91.772540500313724,22.333684900238136],[91.771981953022873,22.333807119940701],[91.771776899982896,22.333848200221446],[91.771254899751057,22.333839300145879],[91.770846099821469,22.333740999600121],[91.770227739105721,22.333671215659798],[91.770036200320874,22.33364959985639],[91.769328471607409,22.33349585700477],[91.768982499848789,22.333420700141655],[91.7682800002286,22.333199099792434],[91.767657400363078,22.333546199757699],[91.76695126256601,22.333613503434805],[91.766883100198854,22.333619999644718],[91.766777799681265,22.333605400206107],[91.766627599569134,22.333383699607623],[91.766325799769646,22.333131500103253],[91.766171700070856,22.333162000318623],[91.765621621198221,22.333053582683569],[91.765223399829381,22.332999999942892],[91.764909560808448,22.333030999577989],[91.764659542596888,22.333085067571666],[91.764397300110957,22.333027300262525],[91.76413270942885,22.332814001987725],[91.76394894556276,22.332655521051137],[91.763788500164807,22.332558399600448],[91.763654299946197,22.33251869995615],[91.763519605654167,22.332520493947904],[91.763374868197303,22.332542374164063],[91.763327100282055,22.332553399857265],[91.763112499947212,22.332540999795409],[91.762999899719603,22.332491400367918],[91.76293009972369,22.332406999619579],[91.762852399943213,22.3321143000577],[91.762779899611573,22.33201250004111],[91.762704864234223,22.331971610335813],[91.762479500285622,22.331895900076145],[91.762356200224644,22.331863700310965],[91.76216411616241,22.331765908570524],[91.762082600338587,22.331722299953405],[91.761748600427737,22.331622999954558]]},"properties":{"objectid":6,"name":"Mahesh Diversion Khal"}},{"type":"Feature","id":7,"geometry":{"type":"LineString","coordinates":[[91.819692363501332,22.36793695357602],[91.819562574909099,22.367704528082253],[91.819401885169412,22.367474007890621],[91.819185571747312,22.367310165797054],[91.819000159472651,22.36722634023058],[91.818726162531206,22.36722634023058],[91.818351218308052,22.367230150786785],[91.818114303821503,22.367218719948589],[91.817988635801484,22.367224435367795],[91.817873267864485,22.367197763132587],[91.817764081234941,22.367247297042294],[91.81771669869697,22.367409232688125],[91.817648714196281,22.367453051113028],[91.817246988499519,22.367430189472309],[91.817158402934425,22.36733302745743],[91.817115140070328,22.367224435367795],[91.817008013277771,22.367193952575494],[91.816762857646836,22.367178712007565],[91.816653671017335,22.367228245093315],[91.816606287581024,22.367359699666761],[91.816567145289142,22.367468292481643],[91.816377613340592,22.367474007890621],[91.816306100257464,22.367547600405867],[91.816365099808692,22.36771630030918],[91.815772400367393,22.36796309982067],[91.815513610107089,22.367804769339386],[91.81495029994862,22.367994099986209],[91.814669800102848,22.367846299820929],[91.81461630003777,22.367860200355221],[91.814111799886007,22.367760700145862],[91.814015300163234,22.367801600119464],[91.813967000445359,22.36794550007734],[91.813778400049785,22.368138199949616],[91.813666600221097,22.36826300040099],[91.813543200447128,22.368322500115521],[91.813382299603333,22.368243099591673],[91.813226699718015,22.368193500409046],[91.813130199995243,22.368024899940167],[91.813173099939959,22.36777679962098],[91.813087300050569,22.367707399904269],[91.812438199884141,22.367662700158199],[91.812304100276833,22.367593300384605],[91.812212899715931,22.366358486039577],[91.812175299831395,22.366085199812645]]},"properties":{"objectid":7,"name":"Muzaffar Nagar Khal"}},{"type":"Feature","id":8,"geometry":{"type":"LineString","coordinates":[[91.82290660026662,22.431522899955393],[91.823161028307936,22.431563341920697],[91.823293203723892,22.431603711634232],[91.823442500130838,22.431724399719887],[91.82368220029305,22.431865799785868],[91.823826091536944,22.431888072082909],[91.823877600037022,22.431900900054188],[91.824321400126721,22.432140800086561],[91.824438700339869,22.432249200319237],[91.8244476996624,22.432353500246439],[91.824519899956741,22.432507700185443],[91.824790500368081,22.432495200254397],[91.825041607337766,22.432497985213228],[91.825214499792295,22.432511900042471],[91.825318300123371,22.432536899900448],[91.825358900380948,22.432641199611421],[91.825371713051851,22.432759930518671],[91.825376899924294,22.4328079996057],[91.825426600115719,22.432866300093032],[91.825543799717593,22.432882999836448],[91.825679200085403,22.432928900040707],[91.825760399702261,22.433041500329182],[91.825728699952492,22.433678100260909],[91.825750200230516,22.433903699750342],[91.825810469999553,22.434030795986502],[91.82582530028661,22.434109499658135],[91.825795799612649,22.434315199621285],[91.825920622317994,22.434757857089576],[91.82592450034511,22.435140799597779],[91.826047900119065,22.435262299984725],[91.826241000175912,22.435329199922716],[91.826364399949853,22.435554800049299],[91.826691599613966,22.435820099888605],[91.8269384000602,22.43595150040332],[91.82716780013935,22.43604770028421],[91.827478999909971,22.436031000091305],[91.827560200425125,22.436064399644788],[91.827618899939068,22.436118600315126],[91.82763690038071,22.436264500373706],[91.827718099997583,22.436360400293328],[91.827822261451388,22.436376412944682],[91.828088000180429,22.436385400288362],[91.828503000282126,22.436431300164479],[91.828952662777382,22.436485355386271],[91.829606980358946,22.43656024734927],[91.830711699749287,22.436678499963548],[91.830740400024283,22.437120699863975],[91.8309726998652,22.437151199706758],[91.831090699865968,22.436962800194966],[91.831283899635821,22.437012399752767],[91.831830999694986,22.437032200214119],[91.832388900198822,22.436794200092407],[91.832700099969429,22.436744599626316],[91.832925400137626,22.436605800095897],[91.833472500196805,22.43634800034728],[91.833762199689403,22.436328100150323],[91.834159200247768,22.43584219967488],[91.834609799685865,22.435762899985846],[91.834835099854075,22.435871999839463],[91.835618299627768,22.435852100404578],[91.835993799908124,22.43584219967488],[91.836283500299032,22.435931499680898],[91.836508799568904,22.435862000303224],[91.836658999681063,22.435901700359391],[91.836734099737143,22.436040499763731],[91.837066031726195,22.435995012426702],[91.837463699732794,22.435911600254499],[91.837616932557324,22.43598270876495],[91.837838599938522,22.435971100078927],[91.838149799709129,22.435871999839463],[91.838482400044768,22.435792599698793],[91.83876129999102,22.435852100404578],[91.839115399706344,22.435891799633243],[91.839448000041983,22.435980999969086],[91.839986679293688,22.43605536661282],[91.840338499983133,22.436080199768845],[91.84094332218919,22.436549562852477],[91.841218200377924,22.436685100133531],[91.841389899869753,22.436794200092407],[91.841625899871303,22.436794200092407],[91.841829800372821,22.43665539978133],[91.84186238945469,22.43637884826245],[91.841911913576297,22.43620563420723],[91.841947800373589,22.436129799642135],[91.842445200241372,22.436202899972141],[91.842387186141991,22.436120064995837],[91.842312599922266,22.435921500148911],[91.842280399810917,22.43575300008013],[91.842605882794544,22.435648174623925],[91.84291340037079,22.435802499601689],[91.843138699640704,22.43584219967488],[91.843406899753617,22.435772799890866],[91.843632199921814,22.435614099919352],[91.843836100423331,22.43556449986173],[91.844018499748501,22.435296799900907],[91.843836100423331,22.435157999752672],[91.843750199922582,22.434800999992259],[91.843535700199055,22.434711700089085],[91.843449799698291,22.434592700165037],[91.843224500428434,22.434602600153539],[91.843106500427638,22.434473700138955],[91.843117200261005,22.434143344730817],[91.843117200261005,22.434057199659247],[91.843192300317085,22.43388860017803],[91.843353299975547,22.433762399739841],[91.843638400093909,22.433796699918972],[91.843858362472702,22.43417898164628],[91.844800193047476,22.434728803148957],[91.84547214276148,22.435064803367911],[91.846463544170291,22.435375349244939],[91.846805026149127,22.435375349244939],[91.84736681995139,22.435136075886071],[91.847504514616489,22.435034258229017],[91.847766245062701,22.435244614103762],[91.847752145105986,22.435417297952505],[91.847692220290014,22.435638853443574],[91.847840268937048,22.435873442104167],[91.848125793060234,22.435879958450212],[91.848439516198454,22.435687726113915],[91.848777914260921,22.435394490664027],[91.849172712150235,22.435228323163557],[91.849750809476575,22.435159902024083],[91.850233731196909,22.435339101519308],[91.850540405255117,22.435704017000205],[91.85097045213783,22.435971186432081],[91.851414599875568,22.436098255034807],[91.851978597245221,22.436228581685945],[91.852718843175325,22.436225323521164],[91.85331809043673,22.436117804040297],[91.853763415865771,22.436198154708308],[91.854024923529849,22.43625794252986],[91.854086834520899,22.436290398788799],[91.854305834804023,22.43645353270395],[91.854610772418781,22.43668841142766],[91.854786342751154,22.436791758139403],[91.854978545391035,22.436869481305656],[91.855321368554598,22.436956599418711],[91.855706699099088,22.437060800321976],[91.855965433663869,22.437111191962359],[91.856221396027664,22.437139376898045],[91.856499535999191,22.437155605340521],[91.857820592167826,22.437146971759557],[91.859269139936487,22.437111335606307],[91.860326633994021,22.436861883938047],[91.861731118499691,22.43657170569896],[91.862882244857616,22.436469888264977],[91.863950754955454,22.436464797598909],[91.864485010004387,22.436179709206108],[91.865046803806635,22.435955710119938],[91.865713245949635,22.435904801601435],[91.866379687194296,22.436138982126444],[91.866765232436165,22.436357889416442],[91.867288471444752,22.436159345667789],[91.868230302917866,22.435731711502466],[91.868637878443721,22.435568803416391],[91.869309828157711,22.435507712523457],[91.869640294994539,22.435456803010251],[91.869948730649028,22.435497530290178]]},"properties":{"objectid":8,"name":"Kata Khal"}},{"type":"Feature","id":9,"geometry":{"type":"LineString","coordinates":[[91.861187099661961,22.406412099833428],[91.861167599932074,22.406260000309597],[91.861216199687277,22.406206900018915],[91.861320000018353,22.406149700374407],[91.861344300345095,22.406121099712792],[91.861353700316229,22.405705400333169],[91.861345295678419,22.405364607668552],[91.861342100370976,22.405235000331203],[91.861391596644822,22.405074071266963],[91.861422578640656,22.404998909017664],[91.861434227993229,22.404870671672043],[91.86144360011663,22.404767499692213],[91.861509900276161,22.404669500026841],[91.861609299760659,22.40461639995895],[91.861728626573111,22.404612659358765],[91.86187670935611,22.404623790633888],[91.861925099803841,22.404606199680835],[91.862181239135737,22.404277761453947],[91.862351196794251,22.404099001907891],[91.862503700186764,22.403938599732811],[91.862622900336746,22.403903799685889],[91.862837290465833,22.403894095170244],[91.862892400311893,22.403891600316488],[91.863114867193687,22.4037841920027],[91.863487952802544,22.4036040656291],[91.863622873470007,22.403544551935596],[91.863930960578173,22.403442430401135],[91.864263799865668,22.403291300159268],[91.864436913305767,22.403129633007975],[91.864484600372606,22.403085099948857],[91.864557499556241,22.403052400062229],[91.864676800317525,22.403036100362211],[91.864738599917516,22.403050200026374],[91.864865409696279,22.403123044531267],[91.864974899956366,22.403159099681769],[91.865054399960698,22.403158599711752],[91.865133899965016,22.403144299904433],[91.865414399810803,22.40292590002182],[91.865451899982332,22.402860500165918],[91.865471079013673,22.402788194529073],[91.865499934697198,22.402729313340558],[91.865617499913398,22.402603299689833],[91.865727999879866,22.402552200382345],[91.866790699674439,22.402307000350998],[91.867041535352925,22.402254588712413],[91.867247299858647,22.40223570018653],[91.867345200054928,22.402277714549957],[91.86747889991193,22.402466900284004],[91.867974000092573,22.402444100041471],[91.868222999614602,22.402542999897165],[91.868882900225657,22.402771099993046],[91.869446099891363,22.402716500115591],[91.870223999604903,22.402964499924899],[91.870379499777229,22.40304879977705],[91.870701400279501,22.403019099704927],[91.871098399939527,22.403147999848922],[91.871307599602915,22.403147999848922],[91.871667000276716,22.402909999785386],[91.871806499657183,22.402954600172418],[91.872080100441593,22.402969499631848],[91.87249309999514,22.403281900399602],[91.872718400163336,22.403306700382618],[91.872901237866415,22.403241932727351],[91.873186900330111,22.403260800353632],[91.873523100215081,22.403222399856343],[91.87391870029991,22.403362500120561],[91.873968097759075,22.403462258903875],[91.874005899764541,22.40353859965127],[91.874103799960835,22.40362419973729],[91.874312501957547,22.403709538989929],[91.874370599600212,22.403728300247252],[91.874577200437471,22.403734500015879],[91.874795914158014,22.40366906731996],[91.874970331053561,22.403608631785659],[91.875011700269027,22.403594400126636],[91.875062599711327,22.403589399611644],[91.8751081999918,22.403601799991556],[91.875343692445227,22.403784480190076],[91.875470300103046,22.403859700401469],[91.875706399817588,22.403881999613855],[91.875865707050067,22.403848724370672],[91.876085685598539,22.403851090496033],[91.876150235839901,22.403869357580358],[91.876330939145831,22.403943389285605],[91.876507215554028,22.404005429219481],[91.876581892503609,22.404024404708398],[91.876720003986961,22.404029532275707],[91.876802000409455,22.404028400290926],[91.876824799651388,22.404286200248212],[91.876875451158654,22.404538726009832],[91.876953099735204,22.404717099635665],[91.877353200379602,22.404829300072794],[91.877591899818569,22.404834299712647],[91.877688500152644,22.404839199691779],[91.877685879766986,22.404866813147006],[91.877680499756735,22.404923500067856],[91.877711454803119,22.40507805768377],[91.877728800372935,22.40514669961081],[91.877809300202159,22.405255800266076],[91.877943399809482,22.405374799585985],[91.877954099642807,22.405612900071702],[91.877927300202927,22.405672399591534],[91.877895100091564,22.405801400256564],[91.877923389836496,22.405950299542003],[91.877927300202927,22.405989799695472],[91.877959500314319,22.406103900113553],[91.877867250521163,22.406196011375677],[91.877821104963317,22.406231375586319],[91.877691199590089,22.406307199904994],[91.877279904140636,22.406830037769268],[91.876682744563908,22.407579034151677],[91.875976934651916,22.408379997349616],[91.875555554715078,22.408852837454813],[91.875245099647813,22.409114200354068],[91.874971499761742,22.409585400261019],[91.874861748091902,22.40996660425451],[91.874789058215768,22.410251237393553],[91.874616100184227,22.410734700312652],[91.874204399594561,22.411430200321419],[91.874193999798493,22.41180569978394],[91.874157840811705,22.41227856975387],[91.874107599834502,22.412511100147267],[91.874112899894669,22.412957399757701],[91.874027100005236,22.413225200095397],[91.874032499778423,22.413597200161814],[91.873968099555697,22.413959199779097],[91.873997212157434,22.414299722229359],[91.874096800288129,22.414807199997661],[91.873930499671161,22.415089899911777],[91.873851881812442,22.41532228774588],[91.873844699781756,22.415422100225925],[91.873898400171115,22.415784100070137],[91.873982067460034,22.416028926705177],[91.874111310774907,22.416383452705755],[91.874209500228744,22.416686700166039],[91.87443938090658,22.416794133384091],[91.874767399834255,22.417004100021018],[91.875265667474608,22.416985846289563],[91.875690099886739,22.417162799676511],[91.875802700114363,22.417465299709601],[91.875727600058269,22.41779750015554],[91.875911628029101,22.418060766171305],[91.876172900334538,22.418501700025281],[91.876403499664576,22.418948000318085],[91.876414300109261,22.419111599719386],[91.876532300110014,22.41929019960914],[91.876575200054731,22.419453800268148],[91.87676159957789,22.419653699899118],[91.87683270033429,22.419895199714201],[91.876832599722988,22.420094599631152],[91.87687259990598,22.42026700005653],[91.87709549977572,22.420450600029504],[91.877154599938265,22.420941500297943],[91.877076900157761,22.421169800211015],[91.876871353942661,22.421435895669468],[91.876745840432847,22.421656741890576],[91.876693400379807,22.421809499675135],[91.876732262397312,22.422093616948946],[91.876749699595308,22.422221100170127],[91.876967398219563,22.422811282350295],[91.877100104539878,22.423395294686006],[91.877145300578448,22.423806144788674],[91.877149399591062,22.423956699673468],[91.877254307544902,22.424420586658005],[91.877328999765822,22.42498319986116],[91.877506099929164,22.425174100141501],[91.877793099984345,22.425384799791246],[91.878179300098026,22.425955100054566],[91.878587080439786,22.426168464030503],[91.879096860888794,22.426392391723169],[91.879622100445516,22.42658739959122],[91.879895700331588,22.426691500331096],[91.880104899994976,22.426865099928346],[91.880271199713619,22.427113000162198],[91.880298000051823,22.427544480581659],[91.880249141581814,22.427852803784901],[91.880298989096929,22.428375167787454],[91.880308699885148,22.428734499956526],[91.88018591545719,22.428990287768286]]},"properties":{"objectid":9,"name":"Krishna Khal"}},{"type":"Feature","id":10,"geometry":{"type":"LineString","coordinates":[[91.866587339060416,22.429554575550373],[91.867020845355285,22.429217134603796],[91.867262696084296,22.429073721537915],[91.867344834440615,22.428850166020514],[91.867367650750509,22.428656136176638],[91.867267259525931,22.428449452148879],[91.867121236579877,22.428272293928611],[91.866852006099322,22.428141534658881],[91.86659190250208,22.428023428388258],[91.866423063246103,22.42790110458305],[91.866308982594916,22.427677547177186],[91.866140143338953,22.427470861692374],[91.866149270222223,22.427230431285356],[91.866194901943715,22.426981563877206],[91.866140143338953,22.426770659887751],[91.866021499246102,22.426475392767788],[91.865870912858398,22.426272922976914],[91.865838970563544,22.426057799590414],[91.865957614656395,22.425830020888728],[91.866158396207211,22.425610678481878],[91.866222281695258,22.425399771579453],[91.866071695307539,22.425197300219892],[91.865861786873438,22.42503701125672],[91.865683820734176,22.42489781222833],[91.865515837572673,22.424702194974742],[91.865380367136254,22.424484695907044],[91.865380367136254,22.424300151303463],[91.865442634758509,22.423993369718723],[91.865453849326499,22.423824048028866],[91.865423943512369,22.423652998916229],[91.865392169202465,22.423540694105522],[91.865377216744577,22.42345430496125],[91.865345441536348,22.423303988685308],[91.865308059942436,22.423196866919053],[91.865319274510426,22.423079377578063],[91.865315535722203,22.42297398286323],[91.865308059942436,22.422797749361958],[91.865308059942436,22.422700993895866],[91.865360394892562,22.422531670629994],[91.865388431312567,22.422345069850785],[91.865474409068398,22.422196480438878],[91.865582816858591,22.422070351580597],[91.865672533402645,22.421963228032215],[91.865743559598883,22.421838827031358],[91.865730475636795,22.421691964318416],[91.865691224648756,22.421531279357382],[91.865610853278596,22.421420700074659],[91.865571602290558,22.421317032176649],[91.865554780438558,22.421223731002257],[91.865580947464466,22.421137341246911],[91.865608983884485,22.42099393312122],[91.865625805736499,22.420895448317278],[91.865653842156533,22.420776229776926],[91.865765988734921,22.420641460868957],[91.865827668858955,22.420537792389236],[91.865829537354756,22.420408206680701],[91.865784679082722,22.42030280993848],[91.865777203302912,22.420074738624709],[91.865857573774761,22.419767187043789],[91.865909908724888,22.419544298313468],[91.866126453912344,22.41915678616424],[91.866172085633821,22.418869939100791],[91.866327235463174,22.418713860546923],[91.866464132424269,22.418591529370307],[91.866445879556025,22.418397485190145],[91.866313546036565,22.418195003620315],[91.866286166285008,22.417962994284434],[91.866372868082991,22.417633961488431],[91.866404810377858,22.417271180878057],[91.866445879556025,22.416933709247907],[91.866404810377858,22.416748099958571],[91.866359177758056,22.416596237628227],[91.866418499804453,22.416317822509516],[91.866509764145761,22.41611533790784],[91.866578213075471,22.415891761526584],[91.866549099575408,22.415794100222207],[91.866404300134775,22.415551100143258],[91.866195099573076,22.415481599697323],[91.866168200420233,22.415387400216762],[91.866432809068613,22.415061293616525],[91.866474000417654,22.414807199997661],[91.866350599745402,22.414722899804975],[91.866334500138862,22.414603900186705],[91.866404300134775,22.414400499594009],[91.866302300027499,22.414276600053437],[91.866256409591216,22.414015281744657],[91.866216500138094,22.413904600145436],[91.865985800196711,22.413577300025441],[91.865835600084594,22.413160799971987],[91.865846399630925,22.412977299982877],[91.865755199968348,22.412838400287939],[91.865642500027747,22.412848300166765],[91.865465499577425,22.412907799910123],[91.865347499576671,22.41300699958752],[91.865159699580005,22.413116099884299],[91.865057800084045,22.413071500267371],[91.865036299806036,22.412942600193475],[91.864928999638607,22.412873100103369],[91.864816400309323,22.41281360034511],[91.864698400308527,22.412778899684351],[91.864709100141894,22.412659900061694],[91.864810999637811,22.412615199812826],[91.86490858183052,22.412448575700719],[91.864923699578426,22.412336932010934],[91.864923699578426,22.412297900380519],[91.864864700027198,22.412253200015144],[91.864730899558893,22.4122401999842],[91.864677035676138,22.412247105264626],[91.864505034350387,22.412223599904625],[91.86439808901747,22.412173672593422],[91.864326142946368,22.412068287042274],[91.864269199638827,22.411886199888251],[91.864177999976235,22.411717600058893],[91.864017331796106,22.41155396952627],[91.86390979986335,22.411444900390897],[91.863775700256028,22.411345699598083],[91.863699001198754,22.411240783463004],[91.863731126749954,22.411135487725161],[91.86390927524721,22.411097689831948],[91.864070928879215,22.411125194082764],[91.864242400198961,22.410919199826211],[91.864342361130539,22.41060923289638],[91.864364565687723,22.410504050454449],[91.864360400199757,22.410408400086595],[91.864178308098374,22.410178561889293],[91.864197390111656,22.409962348904262],[91.864286014304326,22.409658642460265],[91.864262650920423,22.409418349802181],[91.864189639447403,22.409302253144489],[91.864081582000168,22.409126758032013],[91.863873700165328,22.408938200072008],[91.863481399592558,22.408955699954294],[91.863336864256596,22.408989062005539],[91.863149954490353,22.409032261083038],[91.863009772390299,22.409053860201524],[91.86291923837932,22.408918863995009],[91.862884192405119,22.408781167762498],[91.862849147329257,22.408697469334513],[91.86273232861312,22.408689369644712],[91.862615509896926,22.408692069541377],[91.862495770757747,22.408638070767815],[91.862411077592782,22.408538173687329],[91.862381872464567,22.408368077415759],[91.862370190772609,22.408211480466452],[91.862367270349623,22.408022484428802],[91.862364349926622,22.407876687570813],[91.862338199968718,22.407795700138887],[91.86210400019101,22.407900700263077],[91.861831100092502,22.407923399952026],[91.861698700097733,22.407769799730666],[91.86157061650789,22.407482773021727],[91.861453186937311,22.407254732979879],[91.861348226881219,22.407054182671658],[91.861272300375077,22.406852299963404],[91.861226100020019,22.40666669962809],[91.861222600183666,22.406495400169899],[91.861187099661961,22.406412099833428],[91.861122865627578,22.406398248828481],[91.861075800194882,22.406388100171885],[91.86096250556956,22.406278622529722],[91.86090386714109,22.406241176276289],[91.860714284886882,22.406180042582108],[91.860624299746561,22.406141299896117],[91.860540079993712,22.406058217768294],[91.860446700119937,22.40596609977084],[91.860349419761206,22.405892235242828],[91.860288000148586,22.405845600245744],[91.860062900304698,22.40575709976293],[91.85994919964088,22.405695499945402],[91.859954399988041,22.405521500162315],[91.859819967105778,22.405471070481152],[91.859706500003938,22.405441600145025],[91.859519399794877,22.405350799745325],[91.859374778220669,22.405153678327977],[91.85929663467239,22.405067330069802],[91.859183100196901,22.404957700235371],[91.859113399914008,22.40497020015367],[91.858921199969089,22.405160700230997],[91.858776299917096,22.405299699786944],[91.858704399660098,22.405432699662118],[91.858754300175818,22.40558169983316],[91.858764499647535,22.405976799909041],[91.858104500221799,22.406269399867817],[91.85773760041198,22.406113600322385],[91.857323000060561,22.406151900361166],[91.856945599843414,22.406229100025612],[91.856567400125641,22.4062068003593],[91.856251638710006,22.406256539630931],[91.856009787981009,22.406290289341449]]},"properties":{"objectid":10,"name":"Kuaish Khal"}},{"type":"Feature","id":11,"geometry":{"type":"LineString","coordinates":[[91.848029799987259,22.415041499986671],[91.848020400016125,22.41567009978052],[91.848036499622651,22.416066799656964],[91.8479613995666,22.416423899911479],[91.848481700185886,22.416939600336832],[91.848422699736361,22.417311499938993],[91.848390499625012,22.417475200089083],[91.848422699736361,22.417618999658476],[91.848497799792398,22.418015699781602],[91.848481700185886,22.418169399951804],[91.848395900296481,22.418283500332329],[91.848428100407844,22.418551300366634],[91.84805209976588,22.418921000020749],[91.847546899826526,22.418752099812973],[91.847290899733494,22.418726100135927],[91.846322499687517,22.418975199911117],[91.845990099676214,22.41916390036646],[91.84592830007621,22.419319900355244],[91.845933600136391,22.420202599876443],[91.845931000411966,22.420634100110494],[91.846040900303819,22.42113989973236],[91.845912199571373,22.421566300028619],[91.845976599794113,22.422096900357499],[91.846148199572937,22.42206720020533],[91.846448599797199,22.421938199697138],[91.846582700302818,22.421908500341406],[91.846652500298717,22.421982900267228],[91.846566599797981,22.422419199662759],[91.846722199683285,22.422647300341918],[91.846700899729612,22.423044299991069],[91.846743799674286,22.423277400280298],[91.847124699727786,22.423277400280298],[91.847441199558617,22.423460899947308],[91.847618200008924,22.423441000393815],[91.847821999899111,22.423540200021606],[91.847714800342985,22.423723700171728],[91.847666499726827,22.423807999883337],[91.847703999898357,22.423897199681058],[91.847800600232418,22.423936899837908],[91.848074200118504,22.423798099955313],[91.848176099614449,22.423807999883337],[91.848245799897342,22.423882399621746],[91.848546200121618,22.424214599663916],[91.848573100172814,22.424347599698464],[91.848563767575328,22.424457180185122],[91.848535131978977,22.42457771089795],[91.84852610031713,22.424660899864435],[91.848612273905701,22.424689201091379],[91.848777943905333,22.424685408717338],[91.848915699655862,22.424665799974566],[91.848943631871308,22.424754633851432],[91.848939199583697,22.42481209986229],[91.848889500290582,22.424871600292981],[91.848803700401177,22.424933600156425],[91.848782299836159,22.425141900362718],[91.848823200131037,22.425224300127265],[91.848959300286495,22.425245999695314],[91.849066599555599,22.425226200043653],[91.849130999778311,22.425255900350511],[91.849145990863775,22.425327983376466],[91.849141699611664,22.425384900267474],[91.849066021938867,22.42549508943538],[91.849055899722231,22.425583200350232],[91.849098799666947,22.425657599967767],[91.849228317866306,22.42567983008114],[91.849340203034956,22.425668512827279],[91.849404499951405,22.425647700171663],[91.849534841007568,22.425655693414264],[91.849600965097309,22.425700070600019],[91.849647750255599,22.425900580701551],[91.849679500311012,22.426019599703217],[91.849694200342327,22.426084100152259],[91.849570799670076,22.426203099897904],[91.849538700170015,22.426267499786093],[91.849585532040706,22.426328898663996],[91.849651300397625,22.426391499899275],[91.849694200342327,22.426485700219303],[91.849672799777295,22.426624600381462],[91.849533971438362,22.426761950096715],[91.849490399553815,22.426812999810871],[91.84948647122107,22.4269104175401],[91.849586078216404,22.427023040979172],[91.849692409101635,22.427127226920661],[91.849732815323108,22.427203891793781],[91.849747701305688,22.427284488430026],[91.849754383873091,22.427385590180666],[91.849720055652853,22.427467305219324]]},"properties":{"objectid":11,"name":"Chandrabill Khal"}},{"type":"Feature","id":12,"geometry":{"type":"LineString","coordinates":[[91.886104700166896,22.396251099944976],[91.885962999913971,22.396377999742803],[91.885796318411337,22.396479638931442],[91.885708965334771,22.396599761199013],[91.885621705683036,22.396853134799418],[91.885496299971066,22.397077399609927],[91.885485600137699,22.397315399693181],[91.885201199806957,22.397429499757141],[91.885050999694798,22.397434499663166],[91.884874000142815,22.397474100241471],[91.884595100196563,22.397498899599597],[91.884344898728685,22.397525352575556],[91.884219599916207,22.397538599825353],[91.884106099576698,22.397572300158739],[91.884077199875691,22.397616500273116],[91.884149799920337,22.398178399791806],[91.883911016039704,22.398275825975016],[91.883647311096468,22.398355544069744],[91.883207504916527,22.398463834462358],[91.882873099865478,22.398535500339189],[91.882567299868057,22.398545400406395],[91.882368800038023,22.39847600025584],[91.882181099754376,22.398466100183651],[91.88196650031783,22.39842150001758],[91.881752556651435,22.398407815155547],[91.8816554002602,22.398401600199556],[91.881413999587153,22.398287500102875],[91.881397899980641,22.398109000288564],[91.880355800352135,22.397779000230759],[91.880263699679318,22.397789900330483],[91.880206999815229,22.397851100005997],[91.880164099870512,22.397965199630313],[91.880126499985991,22.398079200326098]]},"properties":{"objectid":12,"name":"Forest Khal"}},{"type":"Feature","id":13,"geometry":{"type":"LineString","coordinates":[[91.867411999677785,22.385147899790194],[91.867676000166739,22.385577800281293],[91.868726100191154,22.386070100393127],[91.869872699938313,22.386473100243329],[91.870941599905024,22.386682600198888],[91.871154799766316,22.386760799934496],[91.872676200006254,22.386559700097475],[91.874227100021784,22.386382500092658],[91.87492579976832,22.386191599677385],[91.875582900330656,22.38581090029173],[91.87593429971021,22.385674500194423],[91.876304400217379,22.385669499865546],[91.876567300270125,22.386073799961359],[91.877138600044731,22.386433400180927],[91.877873500100563,22.38656480006803],[91.878053199988329,22.386765699719984],[91.878348300152439,22.386763200405788],[91.878549500318172,22.386594600006219],[91.878731299568756,22.386501999815088],[91.878877619857178,22.386410733530013]]},"properties":{"objectid":13,"name":"Baizza Khal"}},{"type":"Feature","id":14,"geometry":{"type":"LineString","coordinates":[[91.871365540938726,22.376471530960867],[91.870125403214274,22.377007210212227],[91.869907199736815,22.377042800312633],[91.869716499978423,22.377511299588264],[91.870224273591077,22.378334750929938],[91.870980551754045,22.379330180109829],[91.871670413874796,22.379871004227077],[91.871924199620651,22.379978400277789],[91.871929600292162,22.380221799786597],[91.872832141251365,22.381116528674948],[91.8732478725817,22.381401405283249],[91.87404636078324,22.382145499156177],[91.874619918922477,22.382600463453848],[91.876528954783922,22.38451114724624],[91.877295159330771,22.38537404489934],[91.877817199986765,22.385885600292632],[91.878340299756516,22.38630150013903],[91.878731299568756,22.386501999815088]]},"properties":{"objectid":14,"name":"Balukhali Khal"}},{"type":"Feature","id":15,"geometry":{"type":"LineString","coordinates":[[91.867360899911176,22.373786199909517],[91.867622700425997,22.37425970008772],[91.868149200319053,22.374431300090787],[91.868483299942909,22.374647000137244],[91.868327700057606,22.374947299998812],[91.867820200431083,22.375091200046416],[91.867614799743066,22.375271600095058],[91.86759860042352,22.3757441997484],[91.868792607861536,22.375732871782812],[91.871639500150934,22.375496200408133],[91.871681400270717,22.375297999981274],[91.871233599983057,22.374692500082375],[91.871016699961075,22.374043599879712],[91.870850899705729,22.373928499588175],[91.870751999684501,22.373120399990555],[91.870579799831077,22.372406599960971],[91.870330999735046,22.372226599919077],[91.86935810002781,22.372279699893333],[91.868876499729282,22.37216760029316],[91.868579799665682,22.37200839986545],[91.867804399963532,22.372142299660226]]},"properties":{"objectid":15,"name":"Balir Char Khal"}},{"type":"Feature","id":17,"geometry":{"type":"LineString","coordinates":[[91.817184011208241,22.361314466097451],[91.8172898686813,22.361412364214942],[91.817452436798277,22.361503269726175],[91.817486463184622,22.361618649457046],[91.817584759537951,22.361761999193746],[91.81773220541541,22.36184591195649],[91.817841843897511,22.361873882866188],[91.817856967035311,22.36206268490578],[91.817838063786795,22.362174567505917],[91.818159419011707,22.362247990854726],[91.818287960742339,22.362275961683668],[91.818314364923481,22.362397717675378],[91.818362369993991,22.362538063421933],[91.818380952543947,22.362618260571871],[91.81853937403757,22.363132997487519],[91.81856300332278,22.363488091170684],[91.818622075637549,22.363761239605541],[91.818645704922801,22.364001610316691],[91.818645704922801,22.36431846085101],[91.818700643190624,22.364389750543459],[91.81889335248033,22.36446867392425],[91.819198933288831,22.364489041321445],[91.81921545151026,22.364646887095002],[91.819196180850795,22.364840376585203],[91.819220957284628,22.364883656665974],[91.819212698173914,22.364937120814119],[91.819216740592694,22.364928487730875]]},"properties":{"objectid":17,"name":"2 No Gate Khal"}},{"type":"Feature","id":18,"geometry":{"type":"LineString","coordinates":[[91.750531695004426,22.364170107659952],[91.752214266481033,22.364414623920119],[91.754810233260429,22.364592454186514],[91.756228400006222,22.364392395640056],[91.75735812669744,22.364125650187496],[91.759353175348991,22.364814741492442],[91.763030794578839,22.365681657432145],[91.763030794578839,22.365637200442254]]},"properties":{"objectid":18,"name":"Kattali Khal"}},{"type":"Feature","id":19,"geometry":{"type":"LineString","coordinates":[[91.750303345954137,22.371610995275354],[91.751993428244859,22.371923571148315],[91.753082593306019,22.37261818039422],[91.754622445840198,22.37261818039422],[91.755391922051317,22.372499429667535],[91.755776509689071,22.372499429667535],[91.756253398323963,22.372456753379716],[91.756422616668956,22.372485203962825],[91.756607218663234,22.372342948497124],[91.756668753260172,22.372200692886029],[91.75694565625156,22.372158015675954],[91.757130258245837,22.372243369252331],[91.75743792853568,22.372044210549092],[91.757591763231474,22.372143789936334],[91.757576379582247,22.372456753379716],[91.757837899822675,22.372826617982625],[91.758114802814077,22.372997324263135],[91.758607075098197,22.373139579060094],[91.759007046385179,22.373054226033226],[91.759253182078098,22.372997324263135],[91.759483935020071,22.373495216247132],[91.759760838011431,22.373779725508658],[91.759891272492382,22.373910108121095],[91.759975959369143,22.374085376045276],[91.759979991906491,22.374435911231522],[91.760036449225439,22.374670844123944],[91.76016952834658,22.374924422144474],[91.760217920590947,22.375166812907285],[91.760217920590947,22.375334621394057],[91.760242116713101,22.375476325553237],[91.760302607467722,22.375588197374579],[91.760443751663459,22.375655321254879],[91.760657484225774,22.375703798854349],[91.760842988128559,22.375763464016284],[91.761072851738419,22.375867876949791],[91.761270454151472,22.375998394667853],[91.761407565809918,22.376106537162677],[91.761800075690147,22.376261758951138],[91.762233275659497,22.376452944621342],[91.76265662919505,22.376616819149234],[91.763434419314123,22.376798900993325],[91.763788855897673,22.37701739839337],[91.76406452819711,22.377099334933767],[91.764487882630945,22.377081126633254],[91.764783245103089,22.377163063966819],[91.76492407488854,22.3770201512373],[91.76535428167135,22.377044710855749],[91.765797326277905,22.376980982599189],[91.766023771798089,22.376762484311282],[91.766975703029942,22.376510983832901],[91.76866788917502,22.376283380604374],[91.769652433743289,22.376311831235931],[91.770452375418927,22.376311831235931],[91.770713895659398,22.376283380604374],[91.771344618990071,22.375728597109916],[91.771729206627839,22.37547254263524],[91.772190712511744,22.375230713115002],[91.772682983897582,22.374747051983391],[91.773313708126537,22.374192263195678],[91.774082883402059,22.373694372874347],[91.774482854689055,22.373537893047235],[91.774682840332531,22.37333873619616],[91.774852058677553,22.373495216247132],[91.774990510622388,22.373751274359485],[91.775559700254419,22.373352961813634],[91.776298108231444,22.373168030334313],[91.777051900756007,22.373737049613396],[91.777436488393761,22.374178037663963],[91.777790308733017,22.374249164477273],[91.777928760677881,22.37410690998361],[91.778467183011415,22.374064234188676],[91.778851770649169,22.374007332831486],[91.779082523591157,22.374064234188676],[91.77911329088964,22.374334516771405],[91.779236358286937,22.37449099570291],[91.779282509234648,22.374718601862583],[91.779128673640543,22.374974657724351],[91.778867154298396,22.375259163961793],[91.778728702353561,22.375685921812206],[91.778528716710056,22.3759704265957],[91.778651785005678,22.376311831235931],[91.778928687997038,22.376610560024485],[91.779328659284062,22.376852387147093],[91.779559412226007,22.377065764208517],[91.779713246921787,22.377122664315333],[91.779990150811486,22.376909287341142],[91.780405504849426,22.376838161887278],[91.780636257791386,22.377065764208517],[91.780790092487152,22.37717956439888],[91.780990078130657,22.377122664315333],[91.781282364771286,22.376994638003943],[91.781277910025807,22.376984259597396]]},"properties":{"objectid":19,"name":"Kalir Chara Khal"}},{"type":"Feature","id":20,"geometry":{"type":"LineString","coordinates":[[91.834298854138467,22.355945569357562],[91.835461848139573,22.356442384125167],[91.836763292288907,22.356944319777469],[91.837250641805269,22.357154311973563],[91.837532640939273,22.357062271257075],[91.837604751402083,22.356578769666552],[91.837652824744509,22.355872966006601],[91.838980853636343,22.355700682647836],[91.839491634808596,22.355617319495007],[91.839613352038029,22.35558731519475],[91.839679512958682,22.355952990034339],[91.839983540580064,22.355885973798234],[91.8401536698168,22.355696580165958]]},"properties":{"objectid":20,"name":"Chatteshwari Khal Khal"}},{"type":"Feature","id":21,"geometry":{"type":"LineString","coordinates":[[91.846624666897952,22.330871178434709],[91.846438266476497,22.330901020204102],[91.84628771242815,22.330915941501882],[91.846176589929172,22.33098888856858],[91.846129989823808,22.33116296739723],[91.846095935589702,22.331293940809303],[91.846058297077619,22.331400045635629],[91.846031412297791,22.331444808533075],[91.845909535168246,22.331491229146575],[91.845744307139711,22.331515061407956],[91.845702300120408,22.331590184398358],[91.845740287178842,22.331681103545645],[91.845754970142167,22.33178975491095],[91.845741021102441,22.331909950442334],[91.845709453405036,22.332015884457476],[91.845654393864635,22.332078358624404],[91.845558956848834,22.332110953866945],[91.845455857203703,22.332118635065552],[91.845402648192788,22.332167853224838],[91.845296230170959,22.332338822044935],[91.845206614238222,22.332504608935427],[91.845072191237435,22.332696300872481],[91.844904162261855,22.33287244992043],[91.844696927214002,22.333012332658335],[91.84450369330817,22.333095225727945],[91.844341265328381,22.333193662170814],[91.844114426346096,22.333315411165557],[91.843898789355407,22.333403485741847],[91.843588561561958,22.3335206486483],[91.843161241964424,22.333688636097058],[91.843096101529937,22.333720810513089]]},"properties":{"objectid":21,"name":"Moriyom Bibi Chaktai Link Khal"}},{"type":"Feature","id":22,"geometry":{"type":"LineString","coordinates":[[91.853055613490483,22.402550310952552],[91.853130172760743,22.402501527112257],[91.853237998442609,22.402515313725079],[91.853316000057049,22.402530160908952],[91.85333320548969,22.402510011692936],[91.85333320548969,22.402475014455312],[91.853358441860976,22.402412444797417],[91.85339285362457,22.402351995428404],[91.853473149536242,22.402303212348997],[91.853524767630759,22.402301091200734],[91.853579827171174,22.402380629255916],[91.853665857927624,22.402416687090536],[91.853892979879191,22.40246122783849],[91.854020305290959,22.402475014455312],[91.85412354237836,22.402487740498042],[91.85410977749325,22.402549250380297],[91.854151072148554,22.402592730513831],[91.854215307979558,22.402599093945202],[91.854349516283023,22.402625606578496],[91.854607608552371,22.402725294466201],[91.854670698133077,22.402795287145565],[91.854678727275072,22.40286952289949],[91.854722316227594,22.402956483783083],[91.854812935578536,22.40304980802302],[91.85483014190946,22.403117680233667],[91.854828994760879,22.403185552411159],[91.854823259017778,22.403278876497275],[91.85485423023384,22.403329780366839],[91.854884054301237,22.403396591874991],[91.854900113483581,22.403422043790538],[91.854960908767083,22.403457040789696],[91.855022851199166,22.403451737962946],[91.855129109320885,22.403611831749394],[91.855286141120757,22.403769367376608],[91.855406421045714,22.403933079330727],[91.855523360136146,22.404028836308527],[91.855650321730195,22.404201815604193],[91.855787307624496,22.404374794684575],[91.855927633455025,22.404544684064867],[91.856084665254883,22.404628084350879],[91.85614814650107,22.404726929500175],[91.85617487497403,22.404869018967617],[91.856154829068473,22.40501110828982],[91.856091347822286,22.405199530393169],[91.856031208308963,22.40531690779077],[91.855914269218545,22.405514597039172],[91.855870834776255,22.405696841202577],[91.855874175610793,22.405808040097249],[91.855907586651142,22.405937773135932],[91.855940997691519,22.40605515074051],[91.856021184907036,22.406144727357766],[91.856027866576099,22.406292993437223]]},"properties":{"objectid":22,"name":"Jugir Khola Khal"}},{"type":"Feature","id":23,"geometry":{"type":"LineString","coordinates":[[91.846976357331684,22.33370688579965],[91.847396952140954,22.333954459319088],[91.847702840173298,22.334390660043482],[91.848467558008394,22.334991906309018],[91.849181295552768,22.335404524795294],[91.849640126253803,22.335640307070236],[91.850035230468592,22.335982189455986],[91.850659750932181,22.33640659401016],[91.851297015794756,22.336713107607135],[91.85207447982539,22.337019621361232],[91.852444093445669,22.337267188999697],[91.852788216471438,22.337573700704979],[91.853055867713735,22.337821267359722]]},"properties":{"objectid":23,"name":"Rajakhali - Chaktai Diversion"}},{"type":"Feature","id":1,"geometry":{"type":"LineString","coordinates":[[91.804845475609355,22.413854330462115],[91.805055965253473,22.41383888739383],[91.805383393089684,22.413724605645495],[91.805623952939655,22.413628855349305],[91.805911288066412,22.413573259042575],[91.806298856314285,22.413613412255959],[91.806599555677565,22.41361650070867],[91.80690359587534,22.413381759006018],[91.807060628573552,22.413162460882361],[91.807287823288661,22.413004936734573],[91.807611910290362,22.412970960279527],[91.80794602069399,22.412992581208002],[91.808219991584266,22.413165549345099],[91.808383705951542,22.4133168963922],[91.808600877264752,22.413458977075752],[91.808948352803156,22.41361650070867],[91.810625587388671,22.413665920095063],[91.811066613480776,22.413724605645495],[91.81131385499981,22.41382962121984],[91.81169808241313,22.414095249080855],[91.811781609564875,22.414320723436642],[91.811801656368743,22.414892129616341],[91.81200212261092,22.41496934601604],[91.813589147477273,22.415012587247581],[91.814053561207814,22.415123779517128],[91.814364283973006,22.415234971697686],[91.81528308803216,22.415287478923847],[91.815984719879751,22.415330720056321],[91.816579436937175,22.415272036014883],[91.817344550030967,22.415299833415872],[91.818072911249857,22.415472798680103],[91.818727767820604,22.415550015587471],[91.819624932362856,22.415488358658965],[91.821281822802135,22.415441229448273],[91.821944578259206,22.415252712445671],[91.821868106475691,22.414969935631564],[91.82177888939492,22.414769635628161],[91.821931832961951,22.414451511499752],[91.822250465393211,22.414310122764359],[91.822479880743728,22.413944867865236],[91.822569097824484,22.413744565553309],[91.823333816557877,22.413497133912742],[91.824136771183007,22.413673870843834],[91.824672073667557,22.413921303000045],[91.824990706098816,22.414062692131189],[91.825666207751453,22.413756348001392],[91.826176019641494,22.413650305932681],[91.827514276751188,22.413697435750997],[91.828278994586242,22.413850607550078],[91.828699590293851,22.413744565553309],[91.82900547742787,22.413508916381804],[91.829247638075657,22.413402874124245],[91.829579015804171,22.413874172427249],[91.829770195262952,22.414086256972386],[91.829910393532685,22.414192298708272],[91.830471187510071,22.413838825109995],[91.830687857563319,22.413626741017531],[91.831044725886343,22.41357961117523],[91.83128688653413,22.413320396756834],[91.83119766945336,22.41299048679749],[91.831478066891222,22.412637010971604],[91.831694736944499,22.412295315987926],[91.831949642889498,22.411882925373394],[91.832128077051024,22.411717968784806],[91.832599653049314,22.411670838294974],[91.83296926756789,22.411753316641715],[91.833173192323912,22.411812229716549],[91.833402607674429,22.411812229716549],[91.833644768322216,22.411741534023751],[91.833886928969974,22.411753316641715],[91.833797711889247,22.411906490584336],[91.833708494808477,22.412036099173093],[91.833708494808477,22.412189272803946],[91.833848693078224,22.412342446265921],[91.834192816104022,22.412342446265921],[91.834511449433606,22.412153925057975],[91.834791845973115,22.412106794716014],[91.834995770729151,22.412330663697915],[91.8349575348374,22.412625228428585],[91.83491929894565,22.413061181854697],[91.835110478404388,22.413285049298654],[91.83536538434943,22.413332179240882],[91.835633035591684,22.413143659376022],[91.835887942435022,22.413367526687068],[91.836257556055301,22.413414656601308],[91.836525207297598,22.413697435750997],[91.836334027838816,22.414050909709083],[91.836244810758046,22.414333687563584],[91.836372263730567,22.414498641046233],[91.836652660270119,22.414710723807495],[91.836958547404123,22.414828547423852],[91.837213453349136,22.414804982708567],[91.837315416625486,22.414993500318861],[91.837544831975976,22.415040629681418],[91.837595813164995,22.41518201767326],[91.837442869597965,22.415288059403117],[91.837213453349136,22.415429447143111],[91.837175217457371,22.415712222191306],[91.837404633706242,22.415994996663862],[91.837455614895219,22.416242423855085],[91.837506596084225,22.416478068389363],[91.837748756732012,22.416536979460464],[91.838628182242346,22.41667836675958],[91.838538965161575,22.416831535271584],[91.838335040405568,22.416949357088967],[91.838156606244056,22.417161436108383],[91.838143860946801,22.417891928029839],[91.838284059216562,22.418363211931879],[91.838386021594545,22.418610634904315],[91.838577201053326,22.418987659538502],[91.838577201053326,22.419140825503781],[91.838564455756071,22.419458939722283],[91.838653672836841,22.4196356690675],[91.83852621986432,22.419847743984878],[91.838500729269811,22.420048036665019],[91.838768381410404,22.420908114544197],[91.839673297515233,22.421002369239329],[91.840093892324504,22.420978805571529],[91.840680176896399,22.421261569321199],[91.841291951164436,22.421249787509797],[91.841992943411555,22.421226223883981],[91.842783151841147,22.421367605578872],[91.843089038975151,22.421473641755558],[91.843089038975151,22.421850658616954],[91.843191002251473,22.422298365640771],[91.843076293677896,22.422934577221927],[91.843114530468,22.423665039606142],[91.843382181710254,22.423924234717681],[91.844019446572815,22.424053832091971],[91.844287097815069,22.424501531181576],[91.844363569598585,22.425231985322128],[91.844248861923319,22.425691462048214],[91.844631221739178,22.425879964880568],[91.844784165306194,22.426150938084028],[91.844707693522693,22.426575067693154],[91.844669457630928,22.426904945382198],[91.844707693522693,22.427081665250327],[91.845638100222018,22.427093446566886],[91.846517526630635,22.427128790510476],[91.847244008573966,22.427270166195022],[91.847766566659558,22.427246603590927],[91.848212652063353,22.427128790510476],[91.848505793900145,22.427423323854491],[91.848760699845144,22.427564699239085],[91.849104823769252,22.427576480514624],[91.849270512633538,22.427411542565935],[91.849767579226324,22.427529355406431],[91.850494062067938,22.427776762046019],[91.850736222715696,22.428094855648975],[91.851411723470022,22.428106636879534],[91.852342131067658,22.428589666471453],[91.85286468825494,22.428507198123523],[91.853425482232311,22.428636791219709],[91.853999020608597,22.429108038652632],[91.854011765905852,22.429437910322527],[91.854139218878387,22.429673532463958],[91.854636285471173,22.429591064759951],[91.854750993146439,22.429237631187885],[91.855018645286989,22.429013789460104],[91.855592183663305,22.429084476360497],[91.855859834905601,22.429449691439089],[91.856178467336861,22.429779562297078],[91.85657357244996,22.429685313560523],[91.856853968989483,22.429543940335662],[91.857172601420757,22.42947325366924],[91.857465743257549,22.429626408067659],[91.857605941527311,22.429873810969649],[91.857809867181643,22.43008587024898],[91.858103009018407,22.429826686641352],[91.858243207288183,22.429579283655382],[91.858434386746922,22.429390785846245],[91.858867726853461,22.429449691439089],[91.85922459607481,22.429708875750663],[91.859619700289599,22.429885592049217],[91.860256965152161,22.429814905556796],[91.860881485615778,22.429685313560523],[91.861276589830553,22.429803124471224],[91.861353061614068,22.430109433201473],[91.861378552208564,22.430368616281129],[91.861544241072849,22.430663141920526],[91.861773656423338,22.430580674804478],[91.86205405296289,22.430191900597489],[91.862512884562221,22.429850248807512],[91.862869752885246,22.429638189168234],[91.863405055369796,22.429767781208501],[91.864195264697685,22.429873810969649],[91.864705076587725,22.430203681650074],[91.865355087645852,22.430191900597489],[91.865864899535893,22.430074089186409],[91.866145296075445,22.429826686641352],[91.866604127674776,22.429591064759951],[91.866795307133557,22.429932716357516],[91.867113939564817,22.430356835242552],[91.86823552662122,22.430828076005607],[91.869025735050812,22.430828076005607],[91.86968849140618,22.430981228909104],[91.870453209241234,22.431240410360836],[91.871001257921336,22.431228629396252],[91.871918919323406,22.430769170997717],[91.872415986814531,22.430486426611861],[91.872976779893591,22.43029793003468],[91.873563063567119,22.430156557433769],[91.874187584030764,22.430262586897943],[91.875385642870668,22.430462864553714]]},"properties":{"objectid":1,"name":"Khandakia Khal"}},{"type":"Feature","id":2,"geometry":{"type":"LineString","coordinates":[[91.831512788573576,22.404646088893202],[91.831722289172575,22.404821031564992],[91.831898000540463,22.404914751534051],[91.832235905427822,22.404852271838539],[91.832452164951007,22.404839776062165],[91.832783312710831,22.404846023950512],[91.83283737691788,22.404970982488571],[91.83284413494377,22.405133429831938],[91.832884683997378,22.40526463681163],[91.83328341201603,22.405314619757569],[91.833601043724059,22.405289628286827],[91.833801894445202,22.405330615226625],[91.834147909322951,22.405346609863368],[91.834346868192085,22.405366603364318],[91.834545827061206,22.405418586121108],[91.834779387238456,22.405570535414775],[91.834978345209265,22.40567849961344],[91.835086475420013,22.405774467996459],[91.835172979588606,22.405922418881545],[91.835229206938877,22.406066370763313],[91.835315710209173,22.40612235210266],[91.835488717648019,22.406118353258353],[91.835666050475012,22.406118353258353],[91.835903936040353,22.406158340035333],[91.836133170829498,22.406186330274039],[91.836422958357005,22.406146343505117],[91.836626242614244,22.406114354413923],[91.836751672580732,22.406258306096881],[91.836730047436859,22.406414253308267],[91.836704096006656,22.406566202343786],[91.836660843922331,22.406746141339081],[91.836665169310436,22.406862102270598],[91.836838176749325,22.406906086824815],[91.837176082535009,22.406901588046498],[91.837601842657179,22.407070280921459],[91.838007329600003,22.407270212491127],[91.838433089722201,22.407201486072434],[91.838743963404369,22.40716399854314],[91.839210272580146,22.40736392997799],[91.839453564206835,22.407613844074628],[91.839845534199611,22.407682570289332],[91.840055035696892,22.40758885218689],[91.840041519645141,22.407251469152246],[91.840068551748701,22.407089024284751],[91.840203714062966,22.407045289766444],[91.840683540188806,22.407157750759051],[91.841271494728787,22.407282708048946],[91.841555335409112,22.407270212491127],[91.842014886559014,22.407207733854591],[91.842386582474134,22.407238972761096],[91.842373066422368,22.407501382620662],[91.842352792344712,22.407820022616807],[91.842528502814275,22.407913739732898],[91.842879924651754,22.407813774862209],[91.842981295938287,22.407901244231791],[91.842913714781147,22.408194891532315],[91.843211071513252,22.408251121990059],[91.843677381587341,22.408394821483881],[91.844245062049666,22.408507282214757],[91.844920872722753,22.408544768551192],[91.845272294560203,22.408494786767047],[91.845461521979857,22.40828860922603],[91.845671022578841,22.408063687319295],[91.845954863259195,22.407994961293085],[91.846123815702853,22.407951227059907],[91.846130574627082,22.407670074767466],[91.846137332652944,22.40744515185953],[91.845975137336822,22.407257716932161],[91.845968379310946,22.407051537555621],[91.845880524076151,22.406914084467992],[91.845650748501214,22.406895340250603],[91.845592358906046,22.40681011922327],[91.845687512952523,22.406442244325955],[91.845825919083282,22.405702491923041],[91.845834568961166,22.405398592627641],[91.845743740302794,22.405066701378601],[91.845722114260624,22.40456286551585],[91.845670212298458,22.403975054977604],[91.845687512952523,22.403367248167537],[91.845743740302794,22.402751440817212],[91.845756715568754,22.402299580484701],[91.845704813606588,22.401843719715878],[91.84574806569087,22.401323877071714],[91.845847544227112,22.400884008253261],[91.846033527830286,22.400468132086576],[91.846232486699421,22.39994428527605],[91.846375217319988,22.399532404501329],[91.846405494138281,22.399284474978082],[91.846310340091833,22.398624662378982],[91.846293039437782,22.398204779550547],[91.846306014703757,22.397952849410867],[91.846379542708078,22.397468982398909],[91.846405494138281,22.397153068626011],[91.846388193484259,22.396717185725208],[91.846375217319988,22.396409267661124],[91.846405494138281,22.396149336005724],[91.84645739610049,22.395849414963855],[91.846522274226928,22.395621474605747],[91.846509298960953,22.395421526280433],[91.846448746222606,22.395249570108625],[91.846444420834516,22.394933651292799],[91.846357916665923,22.394537751553948],[91.84625411274159,22.394093862904416],[91.846141657142738,22.393689962370949],[91.846037853218377,22.392958140549613],[91.845959999825965,22.392566233589921],[91.845704813606588,22.391642450605705],[91.845683187564433,22.391478488291831],[91.845657236134187,22.391346518281598],[91.845540456045583,22.391226545964901],[91.845020079967767,22.388859104190136],[91.844826259462096,22.388281686219447],[91.84478571130677,22.388069230057017],[91.844664065044299,22.3875255904833],[91.844535660755881,22.387000694856496],[91.844480951558452,22.386769960763999],[91.844404772625722,22.386634000171082],[91.844339223457752,22.386483296868132],[91.844340994935507,22.386145850984789],[91.844358710611218,22.385954195213237],[91.844264525846953,22.385427747040826],[91.844212622986433,22.385007824365026],[91.844152071146397,22.384739873311723],[91.844095842897829,22.384279955501658],[91.843931486235135,22.383908021506365],[91.843806055370337,22.38354008517992],[91.843749828020051,22.383296127475727],[91.843702251445976,22.38297218248761],[91.843620072665473,22.382744221024396],[91.843637373319524,22.38268023123544]]},"properties":{"objectid":2,"name":"Bamonshai Khal"}},{"type":"Feature","id":3,"geometry":{"type":"LineString","coordinates":[[91.845674536788252,22.391358515258414],[91.845916747741683,22.391298529533447],[91.846271413395627,22.391310526514413],[91.846673655623661,22.39136651379609],[91.847028321277605,22.391370513064757],[91.847300808151076,22.391330522034043],[91.847646823028825,22.391346518281598],[91.848010138560653,22.391406504816413],[91.848317227640507,22.391402505548786],[91.848563763083746,22.391346518281598],[91.848823274691227,22.391194552609793],[91.848957355433896,22.39107458016198],[91.849151988914912,22.39103059059844],[91.849459077096483,22.390990599469994],[91.849831043404492,22.390882623864115],[91.85016408301631,22.39075865186107],[91.850497122628099,22.390730657685395],[91.850864763548003,22.390738656259188],[91.851210778425795,22.390694665758797],[91.851738451518628,22.390526703865302],[91.85228342526554,22.390334745980606],[91.852534286096812,22.390326748214189],[91.852750718994855,22.39028051830779],[91.852875809398185,22.39008811737725],[91.853183158989467,22.390345135019569],[91.85422123686044,22.390261962883713],[91.855823252812257,22.390176129479723],[91.856155554008893,22.390216117520016],[91.856597974286331,22.390058627998823],[91.856859862836075,22.390191997118205],[91.856988780062494,22.390188953827561],[91.857088403227493,22.390148966610052],[91.857282193190485,22.389971419006116],[91.857501667784078,22.389677450807014]]},"properties":{"objectid":3,"name":"Uttar Khal"}},{"type":"Feature","id":4,"geometry":{"type":"LineString","coordinates":[[91.843663658024738,22.382478246684109],[91.857766767810944,22.389557197139567],[91.858294744534319,22.389869629706379],[91.858717126092728,22.389937974314684],[91.859065591574577,22.389820812345771],[91.859223984322128,22.389703650278133],[91.859699164361331,22.38969388662963],[91.860100426527382,22.389820812345771],[91.860374975034389,22.389645069207344],[91.860554487174269,22.389625541901392],[91.860839594479117,22.389811048705461],[91.861093023593824,22.389742704034791],[91.861335893012381,22.389371690827481],[91.861494285759889,22.389195947121543],[91.862001143989275,22.389352163483146],[91.862138418242793,22.389586488111838],[91.862127858546614,22.3899770280055],[91.862381287661321,22.389898919782279],[91.862592478889681,22.389547434311353],[91.862708633750842,22.389186183437367],[91.86295150316937,22.389098311910281],[91.863183812891748,22.389088548219249],[91.863194372587898,22.389332636136061],[91.863331646841417,22.389625541901392],[91.863775147792126,22.389781758611047],[91.864313684211695,22.389684122980412],[91.864862780327442,22.38939121733846],[91.865327399772184,22.389410744677313],[91.865770900722879,22.389225237339321],[91.865939854064877,22.389098311910281],[91.866467830788295,22.389303345940903],[91.866847974460356,22.389303345940903],[91.86710140357502,22.389381454498608],[91.867175319651551,22.389742704034791],[91.867027486600193,22.390562836205103],[91.867164760853711,22.391363436477114],[91.86751322543725,22.391978528474759],[91.867914488501626,22.392105452105795],[91.868083440945327,22.392378825111908],[91.86804120216064,22.392652197580595],[91.868252393389,22.392886516649078],[91.868833168593255,22.393023202866871],[91.869244990455442,22.39308178251472],[91.869519538962493,22.392798647459959],[91.869720169596363,22.392310481703117],[91.87000527779955,22.392037108562658],[91.870353742383088,22.391841841230118],[91.870733886055135,22.392037108562658],[91.871261862778525,22.392300718237621],[91.871800400096433,22.392544801347395],[91.872243900148831,22.39280841089052],[91.872634603517042,22.39282793691897],[91.873152021442564,22.39274983112751],[91.873637760279621,22.39282793691897],[91.874039022445686,22.392886516649078],[91.874482523396409,22.392866989798275],[91.87477819039745,22.392622908084576],[91.87465147584011,22.392271428667556],[91.874471963700231,22.392007818937085],[91.874218534585552,22.391656337965411],[91.874229094281702,22.391402489767678],[91.874514202484889,22.391177931743687],[91.8747887500936,22.390943609796306],[91.874894345258653,22.390738578183822],[91.874746512207267,22.390387094004307],[91.874429725813897,22.39007466259994],[91.874060141838001,22.389967264376182],[91.873722236052316,22.390162534340778],[91.873373771468763,22.390367566802549],[91.873067544771587,22.390279696021814],[91.873014747189075,22.390006318889387],[91.873299854493936,22.389322873292098],[91.873394890861093,22.388883513041375],[91.873595522393302,22.388600369439331],[91.873891189394342,22.388405098112095],[91.874271333066361,22.388366043149272],[91.87477819039745,22.388639424336368],[91.875242810740488,22.389332636136061],[91.875749668969874,22.390016081685392],[91.876214288414602,22.39042614756902],[91.876837301505191,22.390328513221345],[91.877513112178278,22.390035608936511],[91.878210042243666,22.389752467679873],[91.878727459270905,22.389488853174726],[91.879118162639131,22.389264292060879],[91.879445508728637,22.389000675799853],[91.879529984501332,22.388698005830758],[91.880226914566748,22.388453915969606],[91.880554260656282,22.388180535248484]]},"properties":{"objectid":4,"name":"Noa Khal"}},{"type":"Feature","id":5,"geometry":{"type":"LineString","coordinates":[[91.797599761545726,22.386017682634062],[91.798204189391356,22.38606689171948],[91.798436076905546,22.386059862207187],[91.798721185108718,22.386295363550442],[91.799306605501314,22.386407842159148],[91.799698154184171,22.386442991290433],[91.800625704240943,22.386713641878554],[91.801401196469513,22.386917508261547],[91.802195697049498,22.38720573197924],[91.802480804354389,22.387356873891861],[91.8025606349387,22.387490440794988],[91.802754507546723,22.387585343604037],[91.802959785165555,22.387585343604037],[91.803206878462532,22.38754316449349],[91.80389113689256,22.387782179284194],[91.803982371589441,22.387845447421206],[91.803963364136365,22.387936834863975],[91.8037961014237,22.388253176570753],[91.8037961014237,22.388400802232837],[91.803883534450293,22.388499218700129],[91.80422566321613,22.388594120820919],[91.804586799435114,22.388636299612788],[91.804856701855485,22.388706597570785],[91.805023964568122,22.388727686535933],[91.805172220725979,22.388674963286419],[91.805404108240154,22.388646844101078],[91.805590378405896,22.388664418800214],[91.805624591641788,22.388826103602543],[91.805552364398025,22.389286552915049],[91.80551434949183,22.389497444865889],[91.805655003207434,22.389669673110593],[91.805750038676294,22.390024674174569],[91.805867883268533,22.390400763043921],[91.805962918737393,22.390520267619962],[91.806255629382818,22.390558930769888],[91.806738411864259,22.390688979543519],[91.807122357206595,22.390696009652473],[91.80746828764272,22.390636257037507],[91.807646955366224,22.390681950264831],[91.807875041210139,22.390878780731995],[91.808008091585165,22.391096700357163],[91.807939665113352,22.391462242053429],[91.807924459330522,22.391690705021887],[91.807981481689808,22.391782089938026],[91.808144942732184,22.391782089938026],[91.808422447594808,22.39166258644627],[91.80866573922151,22.391623923603181],[91.808935641641895,22.391676645734766],[91.809106706024792,22.391750456353243],[91.809087936625275,22.391979138952347],[91.808975081276131,22.392297667517877],[91.809093876285914,22.39250635802231],[91.809402743131741,22.392704065488804],[91.809741308280863,22.392715049044131],[91.810151150256189,22.392555784915295],[91.810661968259353,22.392434963959484],[91.810982714426487,22.392402013224519],[91.811339099455907,22.392544801347395],[91.811636086082117,22.39269308193261],[91.811897434744338,22.393209314780425],[91.812022169414803,22.393500381798738],[91.812889371549062,22.393538824848996],[91.81462971637653,22.39357177531457],[91.81617998936801,22.393610218345099],[91.81673238499576,22.393632185311727],[91.817326360044774,22.393637677052865],[91.817730262359461,22.393676120065177],[91.817950032498786,22.393676120065177],[91.818080706829903,22.393522348782721],[91.818199501839686,22.392632671527476],[91.818353934813445,22.391918728237034],[91.818484609144576,22.391638641548536],[91.818668741319925,22.3915342952691],[91.819084523854229,22.391622166087682],[91.819506245150905,22.391655117007403],[91.81989232848359,22.391616674266992],[91.820236833293364,22.391429949741944],[91.820587278662117,22.391457408880218],[91.8207060736719,22.391583722507555],[91.820694193452297,22.391825365793363],[91.820747651296529,22.392050533249197],[91.820908024829237,22.392165862739951],[91.821240650317705,22.392231765144537],[91.821460420457029,22.392308651105317],[91.821620793989752,22.392385537023539],[91.821810865825782,22.392402013224519],[91.821994997102834,22.39231414289868],[91.822232587122429,22.392352586276893],[91.82247611680269,22.392753492311495],[91.822814318134121,22.392859772088798],[91.823165068930081,22.392588263014837],[91.823646331462072,22.392263960091991],[91.82398076795414,22.392082953326071],[91.824201007014025,22.39178881765957],[91.824625170829933,22.391592726039026],[91.824975921625892,22.391637977912087],[91.825342986725701,22.3915851843356],[91.825473498461747,22.391464512872361],[91.825497969468415,22.390989366877935],[91.825604010197807,22.390702770650101],[91.825791621548248,22.390446341727078],[91.826142372344208,22.390370920730462],[91.826542065153461,22.390303042296882],[91.826941757064418,22.390144659986984],[91.827276194454782,22.390054155254276],[91.827520904521336,22.389986276666097],[91.82765141625741,22.389631798779437],[91.827732985980148,22.389420620476312],[91.827977696046702,22.389262236330939],[91.828630255625271,22.389194358186842],[91.82913598916393,22.389179273688871],[91.82964172270259,22.389352741578946],[91.830220869261211,22.389413078655107],[91.831003941474151,22.389367826058088],[91.831738070775486,22.389262236330939],[91.83229274632744,22.389149105518669],[91.832570084103423,22.388937925652058],[91.832757695453864,22.388696578027037],[91.832847421879393,22.388440145405095],[91.832790323163309,22.388176170422131],[91.832741381149987,22.38794236254606],[91.833035033229862,22.387459663422241],[91.833442882741892,22.387165517147395],[91.833826261247268,22.386788406182458],[91.834177012043213,22.386381124593953],[91.834535920440246,22.38589087720954],[91.834658274575204,22.385611812503818],[91.834641961169652,22.384842496159155],[91.834756158601834,22.384714275939437],[91.83507428168835,22.384563429350326],[91.835221107728273,22.384435208873359],[91.835310835052113,22.384201395540028],[91.83535977616711,22.383846903741684],[91.835555544220341,22.383582919211573],[91.835775783280226,22.383598004316379],[91.836175476089466,22.383469782949675],[91.836477284872132,22.383251053136267],[91.836779093654769,22.383077576806439],[91.837138001153491,22.383085119801766],[91.837529537259968,22.38334910444582],[91.837839502745368,22.383567834935718],[91.83867967367442,22.383801649333861],[91.839283291239681,22.384058090506738],[91.839886908804957,22.384382412562935],[91.840555782687431,22.384736902996742],[91.841094143935493,22.384714275939437],[91.841648820385785,22.384706733863059],[91.842024041290074,22.384789699172657],[91.842643973159198,22.384872665263426],[91.843141549995096,22.384895292294971],[91.843647283533741,22.384842496159155],[91.843998034329701,22.384751987976479],[91.844128546065747,22.384706733863059]]},"properties":{"objectid":5,"name":"Shita Jharna Khal"}},{"type":"Feature","id":6,"geometry":{"type":"LineString","coordinates":[[91.843645597395962,22.382672283697755],[91.843662703115598,22.382583309121969],[91.843662703115598,22.382476539722028],[91.843543200233341,22.38191121017017],[91.84337092492143,22.381438143872067],[91.84317776737241,22.38131746360602],[91.84306813697512,22.381138856454019],[91.843031593509366,22.380940939838652],[91.843104680440888,22.380781640631575],[91.843104680440888,22.380603032791772],[91.843042034627942,22.380463042500981],[91.843083798203793,22.38025064334197],[91.843130782788108,22.380057553218126],[91.843130782788108,22.379888599139949],[91.842948066357621,22.379565171192748],[91.842734026571506,22.379038997051243],[91.84247822320954,22.378392137286351],[91.842342490465029,22.378121806929084],[91.842285065660505,22.377865958709382],[91.842217199737419,22.377460461028043],[91.842118010458677,22.377083927654827],[91.84198227771418,22.376818421792944],[91.841919631901234,22.376466022759239],[91.841830883741054,22.376147414747983],[91.84159596261614,22.375906044934521],[91.8414236873042,22.37554398859875],[91.84108957600229,22.375051591434225],[91.840990387621872,22.374617121217117],[91.84088075722461,22.374221269154152],[91.840750245488536,22.373936448455918],[91.840614512744068,22.373748176714308],[91.840494442126555,22.373584042125078],[91.84028040234044,22.373357150167422],[91.840165551833039,22.373130257839914],[91.840202095298807,22.372821297374042],[91.8401759929516,22.372483370612027],[91.840155110714505,22.372208201581543],[91.840390032737716,22.371865446122921],[91.840546646820982,22.371691654054647],[91.840624953862601,22.371508207328304],[91.840748992338717,22.371430773237307],[91.840842543790743,22.371390607842098],[91.84083586122334,22.371245394776853],[91.84080579101753,22.371100181560152],[91.840765698308076,22.371016761168455],[91.840612007342727,22.370967326623312],[91.840424905337031,22.370982774453282],[91.840301284577535,22.370998223112231],[91.840264531804323,22.370924070862717],[91.840338036452465,22.370760319222946],[91.840371447492799,22.370584208926235],[91.840324672215971,22.370472981037057],[91.840247826733304,22.370352484818312],[91.840184345487117,22.370296870376901],[91.84006406556216,22.370324677600397],[91.839840211681548,22.370380291199993],[91.839653109675851,22.370454443739153],[91.83947603107211,22.370584208926235],[91.839295611633801,22.370692347320471],[91.839185355110786,22.370769588267169],[91.839068416918664,22.370785036949808],[91.838968182899265,22.370766498862732],[91.838904702551403,22.370633643607469],[91.838874632345593,22.370460622561819],[91.838944795260858,22.37019182192347],[91.83902498247636,22.370077504301047],[91.838891338314923,22.370003352391802],[91.838720941380259,22.369960096331674],[91.838714259711168,22.369821061456051],[91.838817833666781,22.36971292238502],[91.839111850462658,22.369385416063594],[91.839228789553076,22.36925564975909],[91.839175331708844,22.368989936238094],[91.83902498247636,22.368850899562887],[91.838861268109113,22.368823092875743],[91.838724282214798,22.368838540943646],[91.838630731661098,22.36889415513691],[91.838490404932273,22.368943590418212],[91.838323349730445,22.368937411528208],[91.838206411538351,22.368844720668772],[91.838082790778813,22.368736580839393],[91.837942464049988,22.368591365005781],[91.837775408848159,22.368514122019828],[91.837725291838453,22.368177344492874],[91.837621717882854,22.367961063713391],[91.837461345248428,22.367902359679405],[91.837321018519589,22.367923987615459],[91.837194056027215,22.367806577830017],[91.837167327554241,22.367627374322854],[91.837147280750372,22.367469798591607],[91.836966861312064,22.367429632053636],[91.836669502783366,22.367466708283192],[91.836064763222296,22.367565579841973],[91.83600128197611,22.367438901319609],[91.83594448329734,22.367126837906792],[91.835850931845343,22.366827133424149],[91.835730651920358,22.366685005094094],[91.835603690326309,22.366700454229974],[91.835266239088142,22.366885838742199],[91.834925446117111,22.36710829933261],[91.83477843771918,22.367167004532114],[91.834638110990355,22.367142286993616],[91.834524513632758,22.367040325647167],[91.834467714953988,22.366895107213669],[91.834484420025007,22.366694274409671],[91.834387527738485,22.366610851378013],[91.833996618656045,22.36642546649966],[91.833786129011969,22.366304965947165],[91.833786129011969,22.366311145784731]]},"properties":{"objectid":6,"name":"Mirza Khal"}},{"type":"Feature","id":7,"geometry":{"type":"LineString","coordinates":[[91.852095646828431,22.376498607618906],[91.852421600529269,22.37654476983651],[91.85271525260913,22.376604508567858],[91.852823903842733,22.376642524337377],[91.852818030657403,22.377036257117584],[91.852829776129752,22.377185603370467],[91.852929618483699,22.377245342657407],[91.852985323014465,22.377267104540955],[91.853251140795223,22.377336062559738],[91.853590330273462,22.377386112029988],[91.853947560617556,22.377413917837213],[91.854090693683361,22.377459519050021],[91.85427111401998,22.377636362433798],[91.854521295724922,22.377823215121751],[91.854814862464806,22.378068102798327],[91.855120260915328,22.378258179543014],[91.85579053257635,22.378719748676446],[91.856098809229053,22.37885233538627],[91.856235025267154,22.379057843041632],[91.85653613246555,22.379124136251253],[91.856844410016535,22.379409194699218],[91.857217209961149,22.379627960455856],[91.857360594555217,22.379734028476982],[91.857676040662184,22.379767174924684],[91.857690379570755,22.380065490937312],[91.857719056489557,22.38032403057661],[91.857855271629347,22.380489761202742],[91.858192226099163,22.380529536889131],[91.858486164741592,22.380622345395413],[91.858686903173293,22.380801334478065],[91.859195919156008,22.381119535615642],[91.859604565473703,22.381457623319324],[91.859948688499458,22.381616723228642],[91.860013211791383,22.381808968917341],[91.860321488444072,22.382140426434773],[91.860636934551039,22.382147055776418],[91.861002565939643,22.382107280552447],[91.861253488754727,22.382014473036651],[91.861439889176182,22.382080764006982],[91.861497243013787,22.382379075059347],[91.86216398160083,22.382955808168411],[91.862615643745897,22.383048615056271],[91.862923920398586,22.383333666294799],[91.862988443690469,22.38355905515547],[91.863217859041015,22.38353253888674],[91.863418597472702,22.383419844480549],[91.863454443845811,22.383214342437086],[91.863160505203396,22.382889516784353],[91.863067304992668,22.382405591547919],[91.862959766771667,22.381815598274788],[91.863002781700743,22.381325039922583],[91.862952597317403,22.380973693102568],[91.862716012512593,22.380735042067478],[91.862500936070631,22.380463244349045],[91.862371889486838,22.379919647319458],[91.862300196740605,22.379356160574925],[91.862586966827095,22.378951774505044],[91.86293108985285,22.378679973303406],[91.862959766771667,22.378070076457899],[91.862916750944294,22.377214889471514],[91.86293108985285,22.376797238817879],[91.863375582543668,22.376319921182368],[91.864257397572629,22.375729902106247],[91.864945644522493,22.375279099487436],[91.865332783375678,22.374887960115039],[91.865569368180445,22.374529967338535],[91.86635081444274,22.373992976862681],[91.867139430159327,22.373674759429825],[91.867591092304394,22.373177542611611],[91.867770322373246,22.372488066548538],[91.867906538411361,22.371453845219978],[91.868128784307586,22.370744470966777],[91.868666477209118,22.369246155489598],[91.869232846131112,22.368079314061653],[91.869942600545528,22.366806385062922],[91.870422939609412,22.366050578041655],[91.870824416472828,22.365831790945528],[91.871734909318931,22.366037317824649],[91.872394478451696,22.366110247341044],[91.873075555947281,22.366222954932617],[91.873484202264947,22.365931239366102],[91.873598909940227,22.365825160826759]]},"properties":{"objectid":7,"name":"Domkhali Khal"}},{"type":"Feature","id":8,"geometry":{"type":"LineString","coordinates":[[91.851355644341751,22.363146320287637],[91.851197071931182,22.363070282197906],[91.851070802039899,22.363026831248845],[91.850965087398961,22.362939930140904],[91.850862309350674,22.362850312407851],[91.850750721524392,22.362795999256726],[91.850647943476119,22.362749832480088],[91.850551038613162,22.362684656316844],[91.850480562185837,22.362635774589801],[91.850324926367904,22.362605902230229],[91.850151671892348,22.362573314118723],[91.8499901628891,22.362516285112996],[91.849808099533831,22.362445677344596],[91.849593733659262,22.362394078953944],[91.849473336054984,22.362350628624686],[91.849341192978386,22.362296314447921],[91.849256033587778,22.362236569576705],[91.849159128724807,22.362203981378791],[91.848827301838625,22.362030177250983],[91.848762698596659,22.361997589004787],[91.848692222169376,22.361899824220451],[91.84859825389907,22.361783049873168],[91.848486666072787,22.361685284938225],[91.848404443274816,22.361625539804869],[91.84836039528318,22.361503332864231],[91.84834571321818,22.361402852795415],[91.84839269690417,22.361068821198209],[91.848401506682166,22.360862427141974],[91.84836039528318,22.360642454695562],[91.848245871762572,22.360349157282997],[91.84818126762228,22.360164487671035],[91.848128410750974,22.360050427663516],[91.84813722052894,22.359990681828897],[91.848228252206582,22.359936366731819],[91.848542459536773,22.359865757655484],[91.848903651451252,22.359770707174924],[91.849123890511137,22.359702813816135],[91.84977579701453,22.359561596221681],[91.849954924675416,22.359518144178029],[91.850045957251382,22.359523575788071],[91.850157545077664,22.359580606019225],[91.850313179997258,22.359588753430536],[91.850542228835153,22.359569742803377],[91.850777149960066,22.359588753430536],[91.850921039407311,22.359580606019225],[91.851067865447234,22.359520859983061],[91.851241119922832,22.359390504604047],[91.851355644341751,22.359330758486372],[91.851499533789038,22.35932261105992],[91.851634613458302,22.359333474295081],[91.851746201284584,22.359295453799181],[91.851790249276249,22.359213981154355],[91.851957630566474,22.358917964917076],[91.852010487437795,22.358716999315213],[91.852048662244101,22.358461718582063],[91.852136758227402,22.358236310684269],[91.852418663936589,22.357592674086764],[91.85247152080791,22.35732652790238],[91.85251263220691,22.357190738769066],[91.852615410255183,22.357019644239418],[91.852638902996475,22.35665572849512],[91.852659458246833,22.356324401381322],[91.852691759867795,22.356134295522399],[91.852762236295121,22.355941473529292],[91.852897315964398,22.355732355996956],[91.85296192010469,22.355596566140552],[91.853302808297116,22.355308889270155],[91.853470837272695,22.354915208037234],[91.853571654298705,22.354708006460505],[91.85343414827986,22.354662323023771],[91.853296499428851,22.354556235901686],[91.853218497814424,22.354479853323173],[91.853227675003367,22.354076720969235],[91.853305675719497,22.353906980157067],[91.853695681995063,22.353673587448885],[91.853998510365528,22.353329861676656],[91.854108630344655,22.353066763082438],[91.854338045695158,22.352587243023837],[91.854617932889909,22.35208650300952],[91.854948291030581,22.351216569643459],[91.855186882671745,22.350482426650096],[91.855301590347011,22.350032603270471],[91.855310767535954,22.349654919800273],[91.855219001036403,22.349099001641697],[91.854962055915678,22.348500645227521],[91.854773935220479,22.348233293570523],[91.854278397560279,22.34785984918037],[91.853805801974147,22.347622202380332],[91.853603916393823,22.347405773365587],[91.853608504089962,22.347248756352741],[91.853938863128974,22.346697072587983],[91.854379340350448,22.346196311408864],[91.854847348240455,22.345695549261471],[91.855095117070505,22.345109908694557],[91.855104293361165,22.344689774685911],[91.855044645226286,22.344409684366337],[91.854549107566086,22.344184762227158],[91.854113218939119,22.34395135323642],[91.85382874314989,22.343722187106327],[91.853727800359721,22.343416631957137],[91.853718624069089,22.343195952313994],[91.853778272203968,22.343009223495795]]},"properties":{"objectid":8,"name":"Bakolia Khal"}},{"type":"Feature","id":9,"geometry":{"type":"LineString","coordinates":[[91.853582856290302,22.354718366588187],[91.853851703190244,22.354676926903579],[91.854221366217857,22.354873767580361],[91.854669443186609,22.355049888606086],[91.855061511095727,22.355163848857899],[91.855509588064507,22.355350329597591],[91.856047280966038,22.355505729884879],[91.856831415885964,22.355630049823727],[91.857525934873152,22.355671490055606],[91.857839588841117,22.355816529939393],[91.858164444800707,22.355889049409228],[91.858601320676186,22.355899409449101],[91.858796781505603,22.356012084594806],[91.859157973420082,22.356009368721338],[91.859436942536632,22.35604467424136],[91.859777579200809,22.356093558281508],[91.860027182390681,22.356112569383118],[91.860335517433853,22.356066400391239],[91.860576311744083,22.356055537732139],[91.860867027231293,22.3561207169973],[91.861081393105849,22.356169601010766],[91.861269329646447,22.356158737528908],[91.86139560043604,22.356128863780196],[91.861542426475978,22.356196758880923],[91.861677506145256,22.356253790474096],[91.861747982572538,22.356248359567349],[91.86184782402816,22.356112569383118],[91.861921237048122,22.356077263880323],[91.862079809458692,22.356104421768482],[91.86226187281396,22.356101705896808],[91.86255258830117,22.356074548008127],[91.86276108099041,22.356085411496551],[91.862998939606271,22.356033810749757],[91.863198622517501,22.355984926688656],[91.863565687617339,22.355949621153481],[91.863894577012545,22.355927894154615],[91.864035529867138,22.355949621153481],[91.864358546975296,22.355938757654474],[91.864649262462507,22.355927894154615],[91.864846009679397,22.355895304480708],[91.865095613767593,22.355849136247642],[91.865283550308192,22.35581111480073],[91.865459741376455,22.355775809221537]]},"properties":{"objectid":9,"name":"Birza Khal"}},{"type":"Feature","id":10,"geometry":{"type":"LineString","coordinates":[[91.843304874493541,22.367570677185693],[91.843419221944359,22.367539179320012],[91.843611421889278,22.36746943307126],[91.843820652993699,22.367451433685275],[91.84402258528641,22.367341190199081],[91.844219651405226,22.367224196948442],[91.844441047495209,22.367138701562872],[91.844584589294456,22.367048706057378],[91.844569991671079,22.366938462252325],[91.844504303264273,22.366774220777121],[91.844424017234033,22.366492985243113],[91.844424017234033,22.366180250967982],[91.844441047495209,22.366025007969135],[91.844329133580487,22.365791019157708],[91.844124767751651,22.365361287659351],[91.843976359778495,22.365089048702767],[91.843964195691228,22.364951804198778],[91.844010421199144,22.364830308801427],[91.844226950216921,22.364688563898753],[91.844555394946042,22.364596317982468],[91.844796253934973,22.364524320600491],[91.84494222837202,22.364504071174331],[91.845141728026945,22.364733562836818],[91.845343660319642,22.364798810315843],[91.845621012468669,22.364769561478379],[91.845839975920867,22.364695313698856],[91.845939724850012,22.364587317688692],[91.845968920096738,22.364425323931808],[91.845917829313279,22.3643173277123],[91.845803481862447,22.364177832782964],[91.845640476265942,22.364027087716888],[91.845574787859078,22.363885341996635],[91.845518830003428,22.363770595513731],[91.845450708958808,22.363732346942037],[91.845341227681843,22.363730096439291],[91.845258508115563,22.36372784676729],[91.84513199657745,22.363696348032352],[91.845020081764432,22.363554601975459],[91.844939795734206,22.363415106282091],[91.844893570226333,22.363255360010552],[91.844954393357568,22.363070865387414],[91.845093069881258,22.362861620652815],[91.845202551158195,22.362737872913097],[91.84529013600006,22.3625443780094],[91.84532906269628,22.362308132823806],[91.845321763884598,22.362139385661255],[91.845277971014497,22.361936889460949],[91.845141728026945,22.361851390829166],[91.844995752691574,22.361777142324591],[91.844832747095069,22.361745643148449],[91.844679473846341,22.361727643022594],[91.844543229960451,22.361777142324591],[91.844175859433435,22.362049387755587],[91.84405664580872,22.362078637164394],[91.843910671371688,22.362071887237462],[91.843523837047414,22.362013388410894],[91.843324337392488,22.361986388688564],[91.843144301534807,22.36194138969357],[91.843008058547255,22.361880640279562],[91.842893711096423,22.361828891311681],[91.842828022689559,22.361741142909494],[91.842854784400188,22.361621894417134],[91.843020222634507,22.361363148074023],[91.843081045765757,22.361117901197535],[91.843046985243433,22.360647656138809],[91.843078613127972,22.360269659166423],[91.843119972461977,22.359934410261392],[91.843078613127972,22.359675660783385],[91.843059149330699,22.359423660880285],[91.843175929419345,22.359142410502006],[91.843287844232364,22.358845409638938],[91.843348667363642,22.358570908190014],[91.843348667363642,22.358366156212242],[91.843321904754674,22.358224404730656],[91.84323431991281,22.358091653818882],[91.843122405099749,22.358048903329387],[91.842927771618733,22.358035403084621],[91.842784229819472,22.358069153694078],[91.842655284745263,22.358100653701658],[91.842523907931621,22.358105154058201],[91.842419291930241,22.358039903443277],[91.842158970042362,22.357900401395835],[91.841969201836932,22.35782165041952],[91.841742940471377,22.357722649817379],[91.841477752409588,22.357587647825515],[91.841205265536161,22.357405395468938],[91.840991169156183,22.357207391941021],[91.840847626458611,22.357056639330633],[91.840825730023568,22.356845135777675],[91.840796535675125,22.35668988237315],[91.840740577819474,22.356545879397771],[91.840553243150111,22.356417626466758],[91.840429164249812,22.356287123625446],[91.840348878219586,22.356165620669657],[91.840268592189403,22.355954115763961],[91.840234530768754,22.355729110068861],[91.840222366681502,22.355578355858757],[91.840215067869821,22.3552858470138],[91.840227231957087,22.355117092174776],[91.840215067869821,22.354961836844502],[91.840190738796991,22.354826832177153],[91.840193171434763,22.35472107916361],[91.840210201695939,22.354410568278169],[91.840224799319301,22.354172058640234],[91.840195604072562,22.353967301028046],[91.840105586592884,22.353789543600435],[91.840015568214881,22.353605036439667],[91.84004962963553,22.353413777857259],[91.840090988969521,22.353242770078563],[91.840015568214881,22.353076262608955],[91.839947447170289,22.352921005835345],[91.839930416010816,22.352761247528839],[91.839952312445874,22.352509235118109],[91.839998537953747,22.352241471588044],[91.839971776243118,22.351825199134222],[91.840030165838243,22.351593436336504],[91.840127483027942,22.35143817791063],[91.840300220073914,22.351244666480287],[91.840555676686208,22.350990400618144],[91.840706517297164,22.350769887500551],[91.840840327646944,22.35059662659301],[91.840908449589861,22.350472867957855],[91.84093521130049,22.350328858556853],[91.840906016952076,22.350160097714138],[91.840862224081988,22.34998908594233],[91.840966535554443,22.349778608540955],[91.841037812380677,22.349602814847866],[91.841103149546228,22.349328137329671],[91.840960595893804,22.348800753880461],[91.840841800883979,22.348465644376443],[91.84065766870863,22.348190964616919],[91.840521054716831,22.347724006786329],[91.840675487690618,22.347537223382176],[91.840740824856169,22.347383401127402],[91.840538873698833,22.346998845994019],[91.840354742421781,22.34683403597025],[91.840206248210379,22.346603301775772],[91.840289405256229,22.346284668647755],[91.840580452221744,22.345944060302223],[91.840901198388892,22.345768261772442],[91.841198185913399,22.345625424836321],[91.841417956052737,22.345499069506388],[91.841619907210031,22.345185927506744],[91.841823343282556,22.344882741863234],[91.841860467060002,22.344410623244439],[91.841693411858174,22.343938502195737],[91.841461390495013,22.343655228965176],[91.841396424333666,22.343286114447604],[91.84161916430331,22.342848326329896],[91.841814062787364,22.342556467097889],[91.84199039848437,22.342410536837349],[91.842296666504055,22.342453457469194],[91.84273286684649,22.342607971468279],[91.842974168704856,22.342659475819634],[91.843438210532852,22.342590803069964],[91.843846568491344,22.342333280165239],[91.844282767935397,22.342041419024074],[91.844681844500386,22.341474864277401],[91.84507164057014,22.341045655182274],[91.845247976267146,22.340582106645673],[91.845312942428507,22.340178647433699],[91.845183010105828,22.339706512052885],[91.845127325337984,22.339363140693539],[91.845220133883245,22.339019767657657],[91.845730579983879,22.338581966142893],[91.845944039458331,22.338401694726876],[91.846064691285832,22.338212838193368],[91.846538014507331,22.338023981404106],[91.846807158749613,22.337783618225465],[91.846872124910959,22.337362981873575],[91.847187673425864,22.336616134391704],[91.847271201475934,22.33609248018983],[91.847252639587211,22.335302703083631],[91.847113426769326,22.334770459684286],[91.847002056335327,22.334109443900957],[91.846918529183583,22.333242393855446],[91.846770034972181,22.332366753175425],[91.846751473981769,22.331431013219525],[91.846751473981769,22.330418002881554],[91.846640103547813,22.329568099892438],[91.846547295002523,22.3287181908942],[91.846547295002523,22.328477811677498]]},"properties":{"objectid":10,"name":"Chaktai Khal"}},{"type":"Feature","id":11,"geometry":{"type":"LineString","coordinates":[[91.842596083971415,22.358109653583821],[91.842683939206211,22.357715899679349],[91.842765036415116,22.357378394853381],[91.843015086966034,22.357003388162873],[91.843231346489219,22.356628381293721],[91.843366507905159,22.356397126623744],[91.843501670219439,22.356097119072761],[91.843548977298951,22.355772111340439],[91.843582767428373,22.355509603902501],[91.843758478796232,22.355340848503701],[91.84465054899249,22.354790830965854],[91.844968179802223,22.354628325670749],[91.845197955377202,22.354553323099037],[91.845671022578841,22.354597074950298],[91.846380624279647,22.354690827921477],[91.846779352298327,22.354678327639732],[91.847137532161625,22.354665827356882],[91.84756329318212,22.354578323683821],[91.847894440043618,22.354447068902019],[91.848090425489175,22.354290813364649],[91.848185038749833,22.353884547482718],[91.84838102419539,22.353609536110639],[91.848502669559579,22.353422028649931],[91.848739203160406,22.353109514269992],[91.848840575345264,22.352853252038468],[91.848901398476528,22.352584488866061],[91.849016285814855,22.35227822368735],[91.849252819415653,22.35195945647903],[91.849408255807603,22.351684441307281],[91.849502869966585,22.351490680971946],[91.849536660096021,22.351278167825772],[91.84943528880946,22.35099690100331],[91.84921227126037,22.350728134250335],[91.849090624997856,22.350509370444037],[91.848941946631825,22.350315608474798],[91.848867607448796,22.349903080647206],[91.848813542343407,22.349590558375066],[91.848820301267637,22.349278035402058],[91.848772994188124,22.34899676454253],[91.848685138953357,22.34881550127897],[91.848678380927467,22.348527979069065],[91.848610799770327,22.348359215214657],[91.848529702561422,22.348252957125215],[91.848502669559579,22.34811544594978],[91.848522944535532,22.347896677211281],[91.848502669559579,22.347702911609417],[91.848408056298908,22.34756539989128],[91.848225587803455,22.347509144907313],[91.848022844332036,22.347340379819219],[91.847833616912382,22.347190366789892],[91.847684938546351,22.347002850691638],[91.847617357389197,22.346802832522016],[91.84758356725979,22.346634066578634],[91.847732245625821,22.346477802280283],[91.847847133862444,22.346290284392499],[91.847982295278413,22.345946501358402],[91.848083667463285,22.345627720497841],[91.848198554801598,22.345408947854548],[91.848401298273018,22.345171423997314],[91.848678380927467,22.344940150313398],[91.849036559892483,22.344815137037141],[91.84943528880946,22.344846389951282],[91.849854290905753,22.344908896589409],[91.850050276351269,22.344921397747498],[91.850259777848578,22.344908896589409],[91.850469279345887,22.34480263586952],[91.850685538869072,22.344683873059488],[91.851016685730556,22.344208821638322],[91.85108426688771,22.343902538053182],[91.851145090018946,22.343577501048394],[91.851158606070712,22.343364976666887],[91.851057234784193,22.343089944535592],[91.850955862599292,22.342821162534786],[91.850895039468043,22.342546129330614],[91.850935588521665,22.342264844886088],[91.851036959808198,22.341939804062804],[91.851259977357273,22.341577258114416],[91.851469478854582,22.341502248518793],[91.851699254429519,22.34137098142164],[91.852010620388469,22.340865386120797],[91.85221686189962,22.340245413647189],[91.852474663114791,22.33964928341322],[91.852655123875564,22.338862388066957],[91.852706684477951,22.338218561449743],[91.852938705841098,22.337741650035312],[91.852945179101042,22.337740461840703]]},"properties":{"objectid":11,"name":"Chaktai Diversion"}},{"type":"Feature","id":12,"geometry":{"type":"LineString","coordinates":[[91.851712500088382,22.341384983472786],[91.852145019134738,22.341753030356188],[91.85287165109672,22.342217088482556],[91.853356072105228,22.342617137695449],[91.853702086983034,22.34295317854594],[91.854100004721275,22.343097195567935],[91.854688230552469,22.343321221289241],[91.855328358345858,22.3434012309223],[91.855916584177038,22.343641257884212],[91.856452907147755,22.344057304691638],[91.856764320717375,22.344313333006788],[91.857352546548597,22.344585362472547],[91.858027275650088,22.344825388226397],[91.858563599519087,22.345337440734074],[91.859342133443235,22.345721479503553],[91.859913057722068,22.346473551635029],[91.860726193852599,22.346745576884874],[91.861331720337859,22.347081606951885],[91.862265961046816,22.347449639625449],[91.863061795625001,22.34765765708525],[91.863771126034621,22.348041689461713],[91.864670765435463,22.348505726652117],[91.865708810967064,22.348761746796065],[91.866556547507443,22.348889756691712],[91.867040968515951,22.348985764243935]]},"properties":{"objectid":12,"name":"Rajakhali Khal-1"}},{"type":"Feature","id":13,"geometry":{"type":"LineString","coordinates":[[91.852951369391675,22.337774931943652],[91.853407906693789,22.338038855409188],[91.85413075674839,22.338320373554197],[91.855367211380184,22.338689865153075],[91.85614712870985,22.338901002413891],[91.856736823286553,22.339059355772829],[91.857269449689866,22.339059355772829],[91.858119917108681,22.339399061138796],[91.859070488291181,22.339889122406117],[91.860098975748201,22.340249460083342],[91.860823590992325,22.340494490268693],[91.861704037887151,22.340725105787183],[91.862116991626621,22.340862033492904],[91.86256890260502,22.341258402453061],[91.863059770822375,22.341770077549022],[91.863535056862773,22.342505156302828],[91.863823344203766,22.343398776527639],[91.864080466292563,22.34415546668756],[91.864360962545106,22.344631098233787],[91.864750541222563,22.345149967840346],[91.865366074940084,22.345625595993123],[91.86572448656878,22.346014745394896],[91.865981608657634,22.34625976461583],[91.866254313821656,22.346670531020241],[91.866378978423555,22.347023645206782],[91.866527018087424,22.347383965273071]]},"properties":{"objectid":13,"name":"Rajakhali Khal-2"}},{"type":"Feature","id":14,"geometry":{"type":"LineString","coordinates":[[91.850328349847487,22.328292941123866],[91.849611525691785,22.329301969997776],[91.84933102943927,22.330109187841966],[91.849175198686922,22.330945229851796],[91.849705025041501,22.332156039771384],[91.850546513799074,22.333107383108082],[91.851356837304465,22.334202861663581],[91.852291825411754,22.335673095915045],[91.853382644271349,22.336509104573366],[91.854286466228174,22.337229797297432],[91.855657782238623,22.337633383861846],[91.856592770345912,22.337864004112646],[91.85721609605018,22.338325243469949],[91.857153762850956,22.338988272476925]]},"properties":{"objectid":14,"name":"Rajakhali Khal-3"}},{"type":"Feature","id":15,"geometry":{"type":"LineString","coordinates":[[91.840557281077324,22.345968258993604],[91.84043091865955,22.345898928173778],[91.840308840307387,22.345805825664705],[91.8402660050414,22.345758284004631],[91.840304556241804,22.345702819267984],[91.840385942708238,22.345655277572813],[91.840422351426682,22.34562754435591],[91.840480178676472,22.345540384798866],[91.84047589461089,22.34546709139844],[91.840441627476054,22.345395778728985],[91.840360241907945,22.345356160840463],[91.840242446723053,22.345356160840463],[91.840148209856508,22.345368046291284],[91.840056115471867,22.345399741098817],[91.839878352351874,22.345417568853659],[91.839760557166983,22.34543143506826],[91.839666321198735,22.345439358974946],[91.839565659581254,22.345441339743832],[91.839542100364611,22.345401721868274],[91.83951211639706,22.345294752800211],[91.839486415596795,22.345201649887574],[91.839492841245999,22.345128356308997],[91.839417880428798,22.34505110114312],[91.8393729044775,22.34500752160664],[91.839287234843809,22.345005540000749],[91.839201566108414,22.345015444706561],[91.839118038058317,22.345019407087204],[91.839070920523369,22.344993654519001],[91.839034510906572,22.344946113412803],[91.839017377339161,22.344858952598845],[91.839000242873439,22.34477773572711],[91.838904807654302,22.34473724525612],[91.838793780376733,22.344657375144198],[91.838614903345814,22.344580357344558],[91.838439110231221,22.34454897974107],[91.838241727905412,22.34455468445827],[91.837964160160723,22.34454897974107],[91.837674255852235,22.344560389175239],[91.837464536962628,22.344557536816779],[91.837199305781752,22.344489076872783],[91.836992671706838,22.344429173147887],[91.836856971301685,22.34438923842481],[91.836610244517331,22.344326482293845],[91.836378937314805,22.34426657932995],[91.836337870831585,22.344247537531853],[91.836290978773775,22.344207158243044],[91.836217407650324,22.344195193760875],[91.83611473111165,22.344195193760875],[91.836006395186729,22.344211644923586],[91.835914228936886,22.344220618284261],[91.835952422607818,22.343726474393787],[91.836000892107279,22.343367829049747],[91.835968579706517,22.343054013409077],[91.83582317030978,22.342904576547916],[91.835128436625226,22.343188505200828],[91.834401389641627,22.343457490056803],[91.833949005251057,22.343846023190672],[91.833399680963254,22.343875910373871],[91.832834200475034,22.343950627888393],[91.832204093388683,22.343965571054127],[91.831832490898364,22.343905796719792],[91.831363950307406,22.343367829049747],[91.831008504915786,22.342904576547916],[91.830749999421428,22.342590759864407],[91.830394554029823,22.342291885819627],[91.829893700139763,22.342217167416024],[91.829263593053398,22.342112561417558],[91.828504232770698,22.342112561417558],[91.82801953508104,22.342232110767579],[91.82768024678812,22.342426379177507],[91.827550993591771,22.34256087240567]]},"properties":{"objectid":15,"name":"Jamal Khan Khal"}},{"type":"Feature","id":16,"geometry":{"type":"LineString","coordinates":[[91.84517299928028,22.339190680716499],[91.845089615858996,22.339203901943808],[91.845018144098361,22.339201698405997],[91.844929996012766,22.339188477178496],[91.844796582718345,22.339190680716499],[91.844694139741691,22.339199494868176],[91.844601226991827,22.339212716094671],[91.84453928455973,22.339232548762944],[91.84444160714564,22.339261195576203],[91.844358222826003,22.339245769986309],[91.84431533994929,22.33921491963229],[91.844205750874522,22.339230345225591],[91.844160484767343,22.339281027406678],[91.844089013905034,22.339384596079359],[91.84401039514799,22.339457314374776],[91.843917481499844,22.339485961141854],[91.843888892615922,22.339459517908544],[91.843848392071351,22.339411039326869],[91.843738802996569,22.339411039326869],[91.843660184239525,22.339408835792351],[91.843583947814622,22.339413242861383],[91.843495798830745,22.339450703773291],[91.843348091543533,22.339474943474784],[91.843257560227528,22.33950799730426],[91.84317179447406,22.339534439697459],[91.84302885185113,22.339560882916558],[91.842893055326272,22.339587326130609],[91.842840643121008,22.339618176402226],[91.842721523819378,22.339642415243695],[91.842614316178441,22.339673265503126],[91.842526168092846,22.339682079624321],[91.84238798923586,22.339682079624321],[91.842266487602103,22.339682079624321],[91.842080661204136,22.339649025836099],[91.841775716402836,22.339657840789709],[91.841539860131704,22.339649025836099],[91.841342122073058,22.339633601119996],[91.841139618451834,22.339615972870966],[91.840979998605619,22.339591733193991],[91.840825143423672,22.339567493512806],[91.840734613005978,22.339565289980769],[91.840629787697139,22.339554272319972],[91.840534492615191,22.339547661723078],[91.840439197533229,22.339547661723078],[91.840232627238677,22.339525479329478],[91.840110483309502,22.339633075994985],[91.839999972563234,22.339676114637953],[91.839796399048495,22.339665355393905],[91.839714970361285,22.339600797419489],[91.839557927781613,22.339606176628646],[91.839488131378985,22.339649215279909],[91.8393834372242,22.339654595318112],[91.839191496892383,22.339633075994985],[91.839022822028113,22.339600797419489],[91.838766900986826,22.339455541244664],[91.838627308181572,22.339337184341893],[91.838551695187462,22.339245727610599],[91.838499347660914,22.339186548667243],[91.838319040512047,22.33914888993089],[91.838086385836604,22.339165029271882],[91.838105572952742,22.339152142892313]]},"properties":{"objectid":16,"name":"Badarkhali Khal"}},{"type":"Feature","id":17,"geometry":{"type":"LineString","coordinates":[[91.843017215973262,22.333806590639064],[91.842925608475511,22.333503961070772],[91.842918070711974,22.333311382808695],[91.842918070711974,22.333132884437262],[91.843014556960014,22.332939511289968],[91.843127124848266,22.332765970631577],[91.843207530354391,22.332597387952266],[91.843186089365176,22.332413930465748],[91.843175367972279,22.332289972882357],[91.843320098242643,22.332081723096596],[91.843582756648573,22.331873472999877],[91.843888297032905,22.331461930939994],[91.844027667055954,22.331129721303427],[91.844156315686121,22.330738010094525],[91.84413487469692,22.330465298825697],[91.844172397326346,22.330143004211109],[91.844236721192246,22.329865333487099],[91.844322487843982,22.329647163482203],[91.844467217216064,22.329463702115358],[91.844579785104315,22.329309991211915],[91.84449401935089,22.329151320990814],[91.844402893350164,22.328883565777964],[91.844499379598176,22.328665394237589],[91.844563704362429,22.328328219594365],[91.844585145351616,22.328085254580305],[91.844617307733742,22.327738160969066],[91.844622667981056,22.327435693568646],[91.844660190610441,22.327217519764005]]},"properties":{"objectid":17,"name":"Moriyom Bibi Khal"}},{"type":"Feature","id":18,"geometry":{"type":"LineString","coordinates":[[91.842626227839091,22.326960228563337],[91.84255952164105,22.327568471183465],[91.842483285216147,22.327965149652201],[91.842445167003703,22.328335381650458],[91.842454696332211,22.328925987843807],[91.842397518564397,22.329225697393788],[91.842321368377753,22.329385555796073],[91.842246225202544,22.329526051951301],[91.842151896707833,22.32969908311156],[91.842046376102971,22.329764155043815],[91.841977628034272,22.329832185136407],[91.84191047896681,22.329906129912281],[91.84185612011234,22.330046625543201],[91.841814551470847,22.330170852686237],[91.841747401505046,22.330247755464491],[91.841697839654202,22.330317263580483],[91.841656271012738,22.330398603546069],[91.841627492584294,22.330475506198741]]},"properties":{"objectid":18,"name":"Kolabagicha Khal"}},{"type":"Feature","id":19,"geometry":{"type":"LineString","coordinates":[[91.841169012226217,22.326924106312543],[91.841049744702588,22.327485765951792],[91.841028059371624,22.327826772546061],[91.841038902037113,22.328328251170898],[91.840984689608021,22.328709373587209],[91.840876264749852,22.328990200095728],[91.840735311895259,22.329190790587667],[91.840616044371615,22.329311144578202],[91.840543688668745,22.329368137314233],[91.840509581434048,22.329539033118142],[91.840455577414104,22.329673120806426],[91.840381677507239,22.329754624845364],[91.840316304409072,22.32981246580276],[91.840162820954603,22.329851903636353],[91.840080394239067,22.329907116252311],[91.840006494332201,22.329917632780298],[91.839887118112415,22.329946553228215]]},"properties":{"objectid":19,"name":"Tekpara Khal"}},{"type":"Feature","id":20,"geometry":{"type":"LineString","coordinates":[[91.837146875610188,22.32643658381285],[91.837006981869294,22.326935724100299],[91.836996989010089,22.327259240999659],[91.836827117589863,22.327425619758845],[91.836517351530446,22.32753653965236],[91.836327494391753,22.32762897213712],[91.83621757743191,22.327915514528112],[91.83625754797049,22.328155839039223],[91.836417426531469,22.328377676745937],[91.836497366710304,22.328553297771226],[91.836447404210816,22.328654973175528],[91.836287524751498,22.328673460360157],[91.836147631010618,22.328691946711324],[91.835977758692096,22.328691946711324],[91.835907811372493,22.32864573041326],[91.835677985491884,22.328590271333955]]},"properties":{"objectid":20,"name":"Firingi Bazar Khal"}},{"type":"Feature","id":21,"geometry":{"type":"LineString","coordinates":[[91.833879343595711,22.325863494029289],[91.833769426635868,22.326325663044834],[91.833689487355358,22.326602964384087],[91.833539599856962,22.326778587643474],[91.833459660576452,22.326926481224124],[91.833389713256864,22.327249997313974],[91.833299781117134,22.327471836461108],[91.833191686839001,22.327581868846369],[91.833171222318484,22.327691664319776],[91.833228523155555,22.327873394625893],[91.833191686839001,22.327926399323196],[91.833093456960995,22.327952901248786],[91.832991134358537,22.327960472989201],[91.832929740797084,22.328009691784676],[91.832888811756121,22.328081626596489],[91.832901089929408,22.328297430809318],[91.8329420189704,22.328411011577487],[91.832982948909688,22.328513233857365],[91.832966577113609,22.328653317073353],[91.832896997204969,22.328827474433854],[91.83286016088843,22.328959984817555],[91.832823325470216,22.329069779206336],[91.832819231847481,22.329213647699582],[91.832827418194654,22.329300725226304],[91.83286016088843,22.32937644520408],[91.832921554449882,22.329433235160462]]},"properties":{"objectid":21,"name":"Sadarghat Khal-1"}},{"type":"Feature","id":22,"geometry":{"type":"LineString","coordinates":[[91.83261748370937,22.325314665659693],[91.832554250398218,22.325806011247373],[91.83242778377587,22.326063381857281],[91.832263376807532,22.326215465135977],[91.832061029493161,22.326227163587163],[91.831808095350183,22.326285656659433],[91.831643688381831,22.326285656659433],[91.831466634032594,22.326402642730315],[91.83136546037538,22.326765300422505],[91.831491927896053,22.327186449866602],[91.831390754238853,22.327455516278167],[91.831302227064228,22.327607597208388],[91.831302227064228,22.327736281326423],[91.831201053407042,22.327935156019322],[91.831112527130742,22.328098934720909],[91.831049292921264,22.32827441234074],[91.831074586784723,22.328543477484946]]},"properties":{"objectid":22,"name":"Sadarghat Khal-2"}},{"type":"Feature","id":23,"geometry":{"type":"LineString","coordinates":[[91.822589540785401,22.322516219922225],[91.822478387743757,22.323164002245779],[91.822422811672055,22.323667831047533],[91.822389465310394,22.324161376238081],[91.822411695918746,22.324295044461365],[91.822122699806982,22.324449276931539],[91.821933740085285,22.324562380523837],[91.821700319146942,22.324644637926461],[91.821544705786863,22.324706330115642],[91.821277939385155,22.324665202269546],[91.821066749055134,22.324603509231199],[91.820888905086761,22.324654919682899],[91.820766637190047,22.324737177030972]]},"properties":{"objectid":23,"name":"Moghultuli Khal"}},{"type":"Feature","id":24,"geometry":{"type":"LineString","coordinates":[[91.796786053188299,22.301934989346393],[91.793041483418648,22.304185769815419],[91.792111303094757,22.304671227449312],[91.791634287797436,22.305730402564507],[91.791467332308628,22.307782530400818],[91.79137192942882,22.310187674291981],[91.791276526548998,22.311886696435284],[91.791252675379894,22.313100270428727],[91.792015900214935,22.314071122859268],[91.793661603035687,22.315659775153968],[91.794854141728166,22.317071894887448],[91.795951276642541,22.317998590724798],[91.797263068485648,22.318572256295344],[91.798479458347231,22.319013536921815],[91.799311486946578,22.319275090925629],[91.7998683355232,22.319555250004964],[91.800044182536681,22.319754071539254],[91.800415414921105,22.319681772605634],[91.801099264617676,22.319745034278448],[91.801519342895659,22.319726959755169],[91.80205665311486,22.319618510904142],[91.802672117662098,22.319573324550518],[91.803355966460359,22.319708885229524],[91.803785814815399,22.319735997017109],[91.80430358667715,22.319745034278448],[91.80478228092575,22.319763108799425],[91.805163282488905,22.31983540769091],[91.805231667638211,22.320088453100613],[91.80528051353177,22.320350535273647],[91.805163282488905,22.32044090829401],[91.805055820624716,22.320567430922758],[91.805114436595318,22.320901810535354],[91.805202360102072,22.321263300837643],[91.805133974952753,22.321389821889866],[91.804655280704168,22.321371747579569],[91.804137508842373,22.321389821889866],[91.803893276679545,22.321335598951954],[91.803639275338014,22.32135367326693],[91.803702776347137,22.324062561139502]]},"properties":{"objectid":24,"name":"Mohesh Khal"}},{"type":"Feature","id":25,"geometry":{"type":"LineString","coordinates":[[91.800053608558969,22.319719581193908],[91.799671996141427,22.320403558617894],[91.799576593261619,22.320778642151442],[91.799123429133402,22.322521661284],[91.79888492103558,22.322654042204505],[91.798481098670976,22.322474287026253],[91.798266174942611,22.322257395171775],[91.798051251214261,22.322130874075139],[91.79779724987273,22.322094725644195],[91.79758232524604,22.322239320142863],[91.797474863381879,22.322447175770598],[91.7976018645018,22.32274540178576],[91.797621402859235,22.323061702088314],[91.797494402637611,22.32319725937878],[91.797005938311997,22.32319725937878],[91.796429551377926,22.32319725937878],[91.796224396828265,22.323368964647777],[91.796077857350909,22.323649114677583],[91.796136473321525,22.323992523892311],[91.79633185869244,22.324119042469999],[91.796742167791734,22.324164228182713],[91.79721109286163,22.324155191207545],[91.797660479574077,22.324218450852477],[91.797709326365975,22.324399191824838],[91.797465094203147,22.32458896951076],[91.797259939653529,22.324814895505209],[91.797132939431904,22.324977561861722],[91.796957092418424,22.325122153373098],[91.796751936970466,22.325248671757471],[91.796644475106291,22.325230597947034],[91.796458858914065,22.325158301850756],[91.796214627649576,22.32493237641236],[91.795823856009392,22.324805858572152],[91.795433085267533,22.324914302560952],[91.79515954556858,22.325031783384414],[91.794944621840216,22.325067931885481],[91.794719928034823,22.324968524108236],[91.794583158634509,22.324805858572152],[91.794397542442283,22.324688376727465],[91.794241233786224,22.324787783873358],[91.794084925130178,22.325031783384414],[91.793821154609915,22.325275782468808],[91.793625769238986,22.325429411395362],[91.7933913071532,22.325429411395362],[91.793127536632966,22.325311930906672],[91.793098229096827,22.325176375670598],[91.79293215126205,22.324968524108236],[91.792726996712389,22.324941413337221],[91.792521841264431,22.325022746465429],[91.792443686936394,22.325429411395362],[91.792472995370858,22.325917407746662],[91.792414379400256,22.326224663186672],[91.792150608880021,22.326296958730357],[91.791877069181055,22.326287921893325],[91.791671914631422,22.326287921893325],[91.791232297097679,22.326287921893325],[91.791007604190625,22.32625177453928]]},"properties":{"objectid":25,"name":"Nasir Khal"}},{"type":"Feature","id":26,"geometry":{"type":"LineString","coordinates":[[91.796715031483657,22.325298877051267],[91.796715031483657,22.325750725544342],[91.796443662114399,22.326202573405073],[91.796057407203492,22.327287120796303],[91.795723948976772,22.327955445659413],[91.795612796833382,22.328418129588407],[91.79537937589501,22.328911657975205],[91.79500145734994,22.32932293002013],[91.794712460339895,22.329754765276395],[91.794334540896472,22.330330542153629],[91.794212272999772,22.330762373459631],[91.794567961834844,22.331225048909609],[91.79500145734994,22.331667158685974],[91.795234877390001,22.33226349089232],[91.795134840101639,22.332592501217789],[91.794912534916605,22.333445867379289],[91.794756921556555,22.334073036000706],[91.794790267019891,22.334874986436983],[91.794790267019891,22.335522711374146],[91.794701344586571,22.335820870384278],[91.794776980936845,22.336028567013518],[91.794800291320172,22.336338512283973],[91.794779894173303,22.336554125906616],[91.794791549814107,22.336791300506459],[91.794832343209507,22.337041951224482],[91.794864395098841,22.337133586384844],[91.795199481971167,22.337125500809762],[91.795482119807303,22.337093158504675],[91.795578275475322,22.337109329658173],[91.795855086838543,22.337664531199117],[91.795922103853712,22.337861277083764],[91.795942500102242,22.338233206935914],[91.795958214331492,22.338357273901128],[91.795970275112495,22.338519032077706],[91.796036609408034,22.338622222426004],[91.796238627939019,22.338591543930381],[91.796386373853764,22.338730990525818],[91.796425570942887,22.338959682108669],[91.796398434634796,22.339213473872331],[91.796386373853764,22.339428220580182],[91.796392404244287,22.339506309756931],[91.796470799320815,22.339525832459721],[91.796570301213251,22.339506309756931],[91.796645681543694,22.339492365679718],[91.796687894277227,22.339562087713535],[91.796823578512686,22.339620654959383],[91.79704368911348,22.339617866478697],[91.797230632117362,22.339615077167089],[91.797357270317903,22.339556509918864],[91.797498984943871,22.339525832459721],[91.797637684823755,22.339576032614655],[91.797746232751109,22.339629022062901],[91.797806536656111,22.339670855080168],[91.797890962123162,22.339701533338321],[91.79800855518711,22.339684799970424],[91.798117103114478,22.339645755437502],[91.798222635397423,22.339603921581791],[91.798298015727866,22.339609499374529],[91.798301030473951,22.33965969949935],[91.798252787349938,22.339729422280357],[91.798228665787903,22.339796356549396],[91.798219619753013,22.33987165621345],[91.798240726568935,22.339885601083576],[91.798310076508869,22.339896756646358],[91.798382441194875,22.33988002330188],[91.798463851915827,22.33987165621345],[91.798623657713279,22.339921857074746],[91.79881663110767,22.339921857074746],[91.799000559365481,22.339896756646358],[91.799513144354805,22.339824245472464],[91.799760391263717,22.33978241167031],[91.800007638172602,22.339779622361959],[91.800203627211403,22.339757311216822],[91.800408661386825,22.33972663380186],[91.800559421149373,22.339698744859252],[91.800716212200726,22.339670855080168],[91.800806668956582,22.339670855080168],[91.800857926826708,22.339701533338321],[91.800927276766629,22.339960901530329],[91.800978535535066,22.340050145959221],[91.801011703131962,22.340117080074283],[91.801020748268584,22.340231424775819],[91.800969489500162,22.340354135612728],[91.800897124814114,22.340482424930332],[91.800933307157152,22.340638602890056],[91.80098758156997,22.340800358419983],[91.801081052173586,22.34088402456997],[91.801152211320513,22.341104792623131],[91.801190806538401,22.341376094679724],[91.80126027685256,22.341597419475736],[91.801181543111156,22.341851299496575],[91.801132142058748,22.341960962427908],[91.801142022628554,22.342239687548922],[91.801206244086558,22.342285380043194],[91.801428549271606,22.342216840880713],[91.801655794292387,22.34219399503964],[91.801808938183683,22.342276241213192],[91.801962082075022,22.342207702877097],[91.802051003610046,22.342116316991767],[91.802214028071191,22.34214830168456],[91.802248608718031,22.342335641520329],[91.802312830176021,22.342445304070665],[91.802475853738855,22.342427027261884],[91.80261911706036,22.342317364697195],[91.802732740469054,22.342335641520329],[91.802752500710383,22.342486427504799],[91.802762381280175,22.342696612648627],[91.802747560874636,22.34282455167406],[91.802777200787432,22.342952490582064],[91.802811782332597,22.343034736308073],[91.802846362979466,22.343130690563132]]},"properties":{"objectid":26,"name":"Rampur Khal"}},{"type":"Feature","id":27,"geometry":{"type":"LineString","coordinates":[[91.802897740325491,22.343278075758146],[91.802915950972945,22.343475991896572],[91.802920504533105,22.343699174507144],[91.80284310658655,22.343884458351361],[91.802806683495035,22.344006576887416],[91.802761155978146,22.344145538656363],[91.802783920185746,22.344233969480616],[91.802856764572127,22.344335032736293],[91.803034324672879,22.344486627482436],[91.803220990097344,22.344575057259458],[91.803430418831113,22.34465506534201],[91.803662612670806,22.344575057259458],[91.803826513887671,22.344495049131005],[91.803972203558729,22.34458347890266],[91.804122446790018,22.345244598740177],[91.80409968258239,22.345488832491299],[91.80413610477558,22.345627793613374],[91.804222608045876,22.345787808524012],[91.804236266929777,22.34594361247062],[91.804213502722163,22.346095205467332],[91.804113340567966,22.34619626737355],[91.804004073090084,22.346364703998013],[91.804004073090084,22.346592092744256],[91.80409512992054,22.346764739646019],[91.804199843838262,22.346912120998578],[91.804236266929777,22.347080555927082],[91.804204397398451,22.347236359259472],[91.80413610477558,22.347366896333909],[91.803903911834212,22.34742584830661],[91.80376277392665,22.347463746583639],[91.803667165332669,22.347552174471897],[91.803639848463206,22.347678500522619],[91.8036125315937,22.347792194285841],[91.803717246409747,22.347935363000914],[91.803908464496075,22.348002737000595],[91.803972203558729,22.348145906330252],[91.804072365712926,22.348289074681979],[91.804252656692128,22.348571369734795],[91.804380864249467,22.348724981306741],[91.804538209561372,22.348824693684804],[91.804692640738523,22.348897456906094],[91.804917003065555,22.348937880532269],[91.805135538021347,22.348959439960929],[91.805319107851332,22.34896752484967],[91.805534728672356,22.348935186122699],[91.805662936229695,22.348870507815484],[91.805767832505438,22.348789659681511],[91.805872729679464,22.348727676551192],[91.806012591979325,22.348665692562459],[91.806114575018583,22.34868725203323],[91.806187419404978,22.348765404982938],[91.806315626962316,22.348954050311765],[91.806336023210847,22.349075321936677],[91.806376816606218,22.349210068801291],[91.806446747756127,22.349342119472286],[91.806487541151526,22.349439137009014],[91.8066253543942,22.349545743975558],[91.806660923187863,22.349683911760327],[91.806596899359235,22.349861554785559],[91.806468851702036,22.349960245257268],[91.806539989289391,22.350012880146938],[91.806746289191011,22.350012880146938],[91.806810313019611,22.350091832444171],[91.806682265362383,22.350131308576021],[91.806554216806845,22.350190522752797],[91.806554216806845,22.3502760551279],[91.806703606638578,22.350322110553101],[91.806902791883175,22.350322110553101],[91.80706640833408,22.350453697398297],[91.807308276131067,22.350795822614284],[91.807422097169137,22.351144527127872],[91.807450552204074,22.351519547926621],[91.807322503648535,22.351960359580978],[91.807168277287289,22.352179844752893],[91.807118196210197,22.352289323424298],[91.80707266869328,22.352461963268066],[91.807140960417826,22.352584074288441],[91.807250227895722,22.352752502361614],[91.8072912036491,22.353144098547947],[91.807313967856714,22.353527271700624],[91.807268439441444,22.353704120556507],[91.807309414296526,22.353843072656108],[91.807377706919368,22.354112556203553],[91.807386812243081,22.354285193788265],[91.807414129112544,22.354411513735336],[91.807564372343833,22.354449410112533],[91.807641770290388,22.35466836380278],[91.807805671507239,22.354672574319473]]},"properties":{"objectid":27,"name":"Azob Bahar Khal"}},{"type":"Feature","id":28,"geometry":{"type":"LineString","coordinates":[[91.791001493850032,22.326243136566774],[91.79082110675111,22.326116970586384],[91.79068031649156,22.326035573279949],[91.790495529444357,22.32603150316411],[91.790359139133074,22.326121040699729],[91.789716784416115,22.326808847435522],[91.789241617851673,22.327301299595668],[91.788973236279062,22.327606536896138],[91.788660858817082,22.32793212300167],[91.788436474032153,22.328229219649518],[91.788326482512161,22.328510036322136],[91.788330881562118,22.328953644610682],[91.788515668609321,22.329730972600032],[91.78868725671002,22.330373994987394],[91.788634460924143,22.330496087132275],[91.788405676190976,22.330500157117879],[91.788031703046613,22.330455389762527],[91.78778092036876,22.330496087132275],[91.787560936430381,22.330548993612091],[91.78753013858919,22.330719922869115],[91.78756973542859,22.331122826955013],[91.787508139746208,22.331493171059311],[91.787173763441245,22.331977466798627],[91.786865785029249,22.33246583078467],[91.786535808672568,22.332803614473011],[91.78536109075867,22.334203577091216],[91.785026714453707,22.334598331382271],[91.784780331724122,22.334793673178677],[91.784516350998103,22.335009363141886],[91.784344762897362,22.335216913075875],[91.783746404968085,22.335925023268345],[91.783240440562409,22.336454069062611],[91.78280487083731,22.336930207979748],[91.782316505326364,22.337369719702924],[91.781841338761879,22.337862134577286],[91.781581757085803,22.338199905195289],[91.781273778673821,22.338521396821029],[91.780957001263587,22.338810332257761],[91.78009906165822,22.339526562816154],[91.779914274611016,22.339668994708891],[91.779355514419464,22.340128845492558],[91.778660363018332,22.340694500041508],[91.778084003932037,22.341215388394179],[91.777644035157024,22.341557220551692],[91.777428450268602,22.341740344458277],[91.777195266485478,22.341951954024807],[91.776759696760408,22.342419935723164],[91.776412121508997,22.342875706977985],[91.776011749573357,22.343522738360736],[91.775928155946303,22.343624472644372],[91.774370664991508,22.344621462700694],[91.774071486476046,22.344812721717911],[91.773363136128438,22.34526441642571],[91.772887969563939,22.345622515170422],[91.772276412688186,22.346127108654198],[91.771858442756155,22.346525898704691],[91.771563663290621,22.346843301621675],[91.771172090353232,22.347522868008163],[91.770842113996551,22.348251262206162],[91.770762919419411,22.348470999979945],[91.770424143166196,22.348788399298055],[91.769772989451027,22.34945167930254],[91.769421014251364,22.349716176369306],[91.769253826098904,22.349923705239753],[91.769091036996343,22.350237031009065],[91.768721463800247,22.350505595986874],[91.768549875699534,22.35068870896805],[91.768321091864649,22.351266527972282],[91.768057110240306,22.351596127371351],[91.767920719929037,22.351864689729798],[91.767841525351912,22.352300085847986],[91.767691936094153,22.352658166514654],[91.767405956525153,22.353146458058248],[91.76702318348427,22.353622539959492],[91.7669483879571,22.353797510233981],[91.766970386800082,22.354452628653863],[91.766974786748335,22.354673882836373],[91.76676855062712,22.354820113469362],[91.766555440597287,22.35475653538559],[91.766452322985842,22.354813756160777],[91.766383578510386,22.355316026677894],[91.766287334807501,22.355742001562177],[91.766232339047505,22.355875515723284],[91.766032977733119,22.355907305344235],[91.765929860121645,22.356104397675399],[91.765166788898497,22.356218838095028],[91.765084294809341,22.356161617896948],[91.764836812541816,22.356231553414496],[91.764499960479952,22.356396856615671],[91.764231854690138,22.356384141311292],[91.764163109316371,22.356256984880691],[91.764121862271793,22.356104397675399],[91.76405999170494,22.355970883733672],[91.763345042333242,22.356174333221631],[91.76311130878112,22.356276058269611],[91.762987567647386,22.356644810218871],[91.762733210572989,22.356727461598791],[91.762636966870105,22.356651168274698],[91.762410108124868,22.356530370149152],[91.761983888065259,22.356746534923285],[91.76185327212464,22.356771966295476],[91.761901393976117,22.357038992515498],[91.761715782275473,22.357210651958095],[91.761378931111906,22.357318734274674],[91.76116582108213,22.357293303002301],[91.761069577379203,22.356981772654304],[91.760952711052298,22.356695672995759],[91.760718977500218,22.356473150079033],[91.760471494334396,22.356428645286879],[91.760402749858955,22.356530370149152],[91.760443996903547,22.356962699362011],[91.760540239708135,22.35729966102851],[91.759799730571658,22.357599117670389],[91.758409848180918,22.357502106646166],[91.756967517652328,22.357186818273963],[91.755315392775643,22.357162565867871],[91.754082855696794,22.356992794752994],[91.752692973306054,22.35682302426196],[91.751748902332935,22.356750265179414]]},"properties":{"objectid":28,"name":"Maheshkhali Khal"}},{"type":"Feature","id":29,"geometry":{"type":"LineString","coordinates":[[91.774105029568744,22.344835462441054],[91.774308267113554,22.344902164109627],[91.774616401832446,22.344932483114864],[91.774911423843108,22.344974929378772],[91.775370347070606,22.345053758238983],[91.776465207450713,22.345071949955475],[91.77712736822302,22.345084077211233],[91.77831401306895,22.345193224958251],[91.779054846497246,22.345338755154653],[91.779828460348554,22.345447902702251],[91.780392280750135,22.345496412419024],[91.780713527278877,22.345369074064934],[91.781028217004362,22.345132587054618],[91.781670710061903,22.344883973201849],[91.781991956590645,22.344732378887819],[91.7822738667914,22.344580784408944],[91.782693453690939,22.34444738073233],[91.782903247140709,22.344410997964822],[91.783106484685533,22.34444738073233],[91.783211381859601,22.344756633457386],[91.783257274092506,22.345114396176914],[91.783204825954641,22.345314499855544],[91.783178601436546,22.345460029925327],[91.783178601436546,22.345587368196306],[91.783368727171506,22.34559343263275],[91.78338183898137,22.345702579150089],[91.783283498610572,22.345823854435029],[91.783191713246453,22.345939065193313],[91.783342502653397,22.34606033944166],[91.783434287119235,22.34624831460885],[91.783394950791262,22.346618200621929],[91.78338183898137,22.346787983546641],[91.783526072483397,22.34693351207796],[91.783558852008113,22.347066913375116],[91.783349058558343,22.347145741052209],[91.783119597393735,22.347230632219105],[91.783191713246453,22.347345841814526],[91.783263829997423,22.34755200580997],[91.783244162282614,22.347764233842444],[91.783217937764519,22.347982525053389],[91.783421175309371,22.348061352212603],[91.783683416896963,22.348085606202876],[91.78380142588091,22.348243261190987],[91.783945659382937,22.348388787371931],[91.784207900970586,22.348455487340015],[91.784319354049558,22.348558568970539],[91.784260350006733,22.348837494424618],[91.784129228314612,22.349098228962692],[91.784057112461923,22.349346836129168],[91.784063668366869,22.349559060597603],[91.784017776133965,22.349771285573691],[91.784070224271787,22.349874366230967],[91.784319354049558,22.349910747572327],[91.784509479784475,22.349971382566299],[91.784496367076287,22.350086589896019],[91.784450474843368,22.350147225644303],[91.784371802187422,22.350395830939405],[91.78446358665326,22.350595927035226],[91.784398026705489,22.350735388208584],[91.784135784219558,22.351002182566017],[91.784135784219558,22.351220467874274],[91.784227569583734,22.351341738357672],[91.784502922981233,22.351372055131215],[91.784640600578314,22.351414500264742],[91.784686492811232,22.351572150656047],[91.784712717329299,22.351675229150381],[91.784837282218177,22.351760118388942],[91.784948734398867,22.351760118388942],[91.785165084651894,22.351754055051686],[91.785394545816473,22.351893514235108],[91.785565002938284,22.352087544857557],[91.785794465001189,22.352269448580355],[91.785905918080175,22.352396781460421],[91.785932141699945,22.352554430740391],[91.786043594778931,22.352651445209816],[91.786187828280973,22.352760587030289],[91.786148491952972,22.352930363302487],[91.78616815966781,22.353118329203156],[91.786030482969025,22.353191090182484],[91.78595836621804,22.353257787021182],[91.785928470285384,22.353379054900635],[91.785992919017133,22.353470947673586],[91.786078850958887,22.353493299825779],[91.786213118551146,22.35350571713273],[91.786366184289037,22.353465980251222],[91.786500451881281,22.353396440473571],[91.786572956704504,22.353321933233733],[91.786621293253305,22.353254876683792],[91.786728707506754,22.353225073762381],[91.786790470275847,22.353264810712588],[91.786785100147057,22.353346768707812],[91.786742133727017,22.35347343096927],[91.786707224296748,22.353545454002926],[91.786726021544084,22.353629895126005],[91.786785100147057,22.353664665376307],[91.786903255556382,22.353667148668546],[91.78696233326103,22.353610027119757],[91.787099286815987,22.353592642404301],[91.787212072096523,22.353664665376307],[91.78724161049972,22.353781392526692],[91.787185217859431,22.353947791148478],[91.787169105676483,22.354096804918974],[91.787171791639224,22.35422346649856],[91.787123455090395,22.354312873772248],[91.786948907040809,22.354365028473385],[91.786871031190501,22.354397314430212],[91.786822694641685,22.354481755037032],[91.786881772346362,22.35462083430502],[91.786999928653984,22.354730110003846],[91.787158364520664,22.354749978681163],[91.787335598532934,22.354722659352994],[91.787434956694938,22.35480213321868],[91.787424214640779,22.354931277426797],[91.787397361301984,22.35503806961437],[91.787448382915187,22.355102641208621],[91.78757728037867,22.355023168345156],[91.787663211422114,22.354943694605534],[91.787808221068545,22.354916376146157],[91.787894152111988,22.354968529790575],[91.788063330032827,22.355060421515187],[91.788186856469238,22.355142377623348],[91.788270102448294,22.35524171902598],[91.788347978298575,22.35537334691929],[91.78844465049788,22.355579479929805],[91.788584289117225,22.35563660067114],[91.788750781973675,22.355616732951056],[91.788954868426444,22.355609282347608],[91.789078394862855,22.355671370420644],[91.789134787503116,22.355755810255253],[91.789078394862855,22.355884953579316],[91.78903263288565,22.355928667626507],[91.788988635199644,22.356015133617547],[91.788991935610014,22.356065996624338],[91.789040332345934,22.356121944913408],[91.789116226512718,22.356204342380185],[91.789109626590303,22.35626130833748],[91.789120626460956,22.356335567259467],[91.789085428671527,22.356387447041307],[91.789001835044417,22.356497309556286],[91.78896883722912,22.356556310006226],[91.788964437280825,22.356625482657858],[91.789041431883859,22.356672276220415],[91.78916352281243,22.356693638385362],[91.789269116180819,22.356742465703928],[91.789339510861424,22.356827914301032],[91.789374708650868,22.356905225247427],[91.789459402714172,22.356939811075506],[91.789651889221702,22.356959139423665],[91.78986087418771,22.356967277018846],[91.79004016174872,22.356978466938397],[91.790096257944967,22.35700186366233],[91.790182051546196,22.35717174276882],[91.790261246123308,22.357225656841958],[91.790374538053683,22.357230742933119],[91.790484530472028,22.357227691444582],[91.790569224535332,22.357219553033833],[91.790703414872453,22.357190053367841],[91.790794707959847,22.357192087971001],[91.790903600840267,22.357230742933119],[91.791017992308554,22.35730703593978],[91.791101586833946,22.357398587991153],[91.79117748100073,22.357487087668702],[91.791335870154995,22.357638656476595],[91.79155145504339,22.357638656476595],[91.792290603232217,22.357642724839007],[91.792774568794911,22.357764793933264],[91.793117744996366,22.357772931481382],[91.793526915930201,22.357728172883903],[91.793795296604472,22.35775665555391],[91.794068078125321,22.35774037962452],[91.79433645879962,22.357593897835976],[91.794512445950289,22.357492173750309],[91.79517679951023,22.357069001487808],[91.795770757491255,22.356751621031936],[91.796100734746275,22.356572586073955],[91.796263522950483,22.356405757743417],[91.796474707890624,22.356218583871701],[91.796756288409668,22.35610058266078],[91.797029069032234,22.356059892765437],[91.797407442124864,22.355941891420105],[91.797768217221062,22.355933753765029],[91.798186187153064,22.355994789074288],[91.798758147189432,22.356194170122752],[91.799145320178567,22.356495274942976],[91.799312508331042,22.356853345658376],[91.799378503961691,22.3573538292734],[91.799541292165912,22.357663069972411],[91.79962488579298,22.35783803434154],[91.799620486743024,22.357992655070206],[91.799616086794771,22.358143205617996],[91.799633685689514,22.358289687659674],[91.799730479161369,22.358371066135923],[91.799937264153257,22.358419892866547],[91.799932864205005,22.358611132945416],[91.799897667313857,22.358765751985143],[91.799866869472638,22.358879681781541],[91.799937264153257,22.359066852077689],[91.800034057625126,22.359197056558088],[91.800210044775795,22.359319124290263],[91.800386032824804,22.359408640448446],[91.800556795373794,22.359512142655738],[91.800639289462978,22.359715587802548],[91.800666787792125,22.36005889987932],[91.800790528925873,22.360408568994252],[91.800866149106511,22.360650158414263],[91.800797403732744,22.360853601898839],[91.800689080384217,22.361107654529945],[91.800557310108459,22.361453933156618],[91.800400807416267,22.361638139985534],[91.800215849689195,22.36183550500547],[91.800230077206649,22.36205260529054],[91.800336783587667,22.362263126455929],[91.800457717486154,22.362499963217338],[91.800735154076818,22.36274337750416],[91.800991250289584,22.362888110121659],[91.801161980499231,22.363164418259046],[91.801204663051621,22.363355201555571],[91.801348764501313,22.363513026184012],[91.801428951716829,22.363618225888604],[91.801606111168979,22.363769988235426],[91.801845534650084,22.36393196613966]]},"properties":{"objectid":29,"name":"Goynachora Khal"}},{"type":"Feature","id":30,"geometry":{"type":"LineString","coordinates":[[91.817670902583814,22.382604412305632],[91.818047282314794,22.382656854608655],[91.818425380522953,22.382747435589156],[91.818681456074444,22.38283483932663],[91.818829258583122,22.382893637569623],[91.818942687955726,22.38297468353116],[91.819020025715162,22.383065265135379],[91.81910080132721,22.383109761413248],[91.81993777425383,22.383381504954421],[91.820482579117439,22.383551542919186],[91.820881300847859,22.383646891142106],[91.821199247864584,22.383743828296613],[91.821453604938966,22.383802626155397],[91.821704524160751,22.383843944205861],[91.821931383804298,22.383839176387692],[91.822154805595247,22.383829641581535],[91.822489937383324,22.383761308923301],[91.822797572638905,22.383672317600698],[91.823177389324201,22.383564255742503],[91.823531427055769,22.383441891966779],[91.82385452950389,22.383317939081639],[91.824158726906873,22.3831780943915],[91.824780870428256,22.382804644861356],[91.824925235084308,22.382725187809342],[91.825064444308936,22.382660032627356],[91.825189903919835,22.382637784833598],[91.825411607233619,22.382640962852768],[91.82559378197999,22.382639373843194],[91.825753613828596,22.382623482085272],[91.825901416337231,22.382580575492749],[91.826016564186972,22.382526544150142],[91.826035469232167,22.382327900207336],[91.826116244844158,22.381959215447228],[91.826174678456795,22.381762160544682],[91.826312168305961,22.381310838378067],[91.826372320395691,22.381121726861345],[91.826425597678593,22.380978701906685],[91.826561369948919,22.380932615918208],[91.826810570693596,22.380989825936666],[91.827113049619427,22.38103273385039],[91.8273124109338,22.381078819805722],[91.827544425110446,22.381178937632679],[91.827692227619082,22.381123316718877],[91.827889869557993,22.381002539824667],[91.828065170395789,22.381012074824596],[91.828188911529537,22.381029555794505],[91.828293747618176,22.380993004824102],[91.828382297250656,22.380563717306472],[91.82861306995558,22.379597639034976],[91.828696987874451,22.379151456606763],[91.828759925639901,22.379035060558152],[91.82894873983453,22.378976862912655],[91.829838265103575,22.379027300541225],[91.830375336370935,22.379035060558152],[91.830765551953945,22.379124297399017],[91.831000520689543,22.379248452547372],[91.831378149078787,22.37965195726041],[91.831638293100241,22.379958464594647],[91.831990747101955,22.380284370292056],[91.832255086255785,22.380649073203699],[91.832586625681046,22.380909854507884],[91.833016866599863,22.380909854507884],[91.833682715854778,22.380834076976416],[91.834737829376792,22.380871965331988],[91.836223184715934,22.380862493451716],[91.837360248846366,22.380805660495316],[91.837780246275969,22.380815132379453],[91.838077317343803,22.381014048442388],[91.838385254433334,22.380862462717737],[91.838662182577508,22.380769347862273],[91.838989460395112,22.380645193240312],[91.839329325406439,22.380521039338202],[91.839698562632591,22.380466721452031],[91.839988077970574,22.380466721452031],[91.840210458614109,22.380327048332894],[91.840432840155941,22.380249451356661],[91.840701375340473,22.380233932288462],[91.84109159182178,22.380183494266614],[91.841502787558255,22.380109778019428],[91.841876219916799,22.380039940882892],[91.84212377584619,22.380016661829607],[91.842253848306044,22.380036060902516],[91.842421683245519,22.380020541810552],[91.842606301409461,22.38000114273548],[91.842807702797842,22.379985622808938],[91.842950362451504,22.380024421791358],[91.843118197390979,22.380125297101433]]},"properties":{"objectid":30,"name":"Tripura Khal"}},{"type":"Feature","id":31,"geometry":{"type":"LineString","coordinates":[[91.811087702330397,22.38241819732351],[91.811412226811626,22.38015397122372],[91.811840009041489,22.378598999599799],[91.813167608538649,22.376389273410357],[91.814495208934105,22.374302276970941],[91.814677532800786,22.373946529702923],[91.815061198767054,22.373913013873384],[91.815407674480568,22.373816896407146],[91.815749200476859,22.373755106335022],[91.816023906189059,22.373681873467635],[91.81658816586679,22.373686450574883],[91.816783677001865,22.373750529230026],[91.816947015873339,22.373768837649134],[91.817083131300137,22.373768837649134],[91.81722172158554,22.373677296360224],[91.817293491586867,22.37353769700395],[91.817300916162679,22.373336306419006],[91.817268743000767,22.373153224042717],[91.817177175028931,22.372890042445377],[91.817152426442831,22.372782481430946],[91.817182123847815,22.372576512609694],[91.817352887295129,22.372333927105949],[91.818256199008871,22.371329251982392],[91.818431911275056,22.371162187132917],[91.818592775287911,22.371159898537801],[91.818775912129951,22.371146166966334],[91.818949149537573,22.371159898537801],[91.819102588974587,22.371148455561706],[91.81925107869445,22.371084375708715],[91.819404518131506,22.370809747195906],[91.819404518131506,22.370665567757474],[91.81935997067653,22.370548849773094],[91.819362445535177,22.370404670064442],[91.819649525540385,22.36999272508077],[91.81989453294932,22.369724961101486],[91.820171713520111,22.369345054859799],[91.820305354088305,22.369145946837513],[91.820478592394224,22.368972013474853],[91.820565210648837,22.368848429002128],[91.82076814635974,22.368793502626904],[91.820926535514005,22.368724844419685],[91.821082449809666,22.368601259727566],[91.821273011227504,22.368457077171197],[91.821426450664561,22.368340358166012],[91.821584838920529,22.368370109671378],[91.821668983214849,22.368479963564969],[91.82184964519827,22.368656186178651],[91.821951113502891,22.368800367698096],[91.822134250344916,22.368862159969495],[91.822267890913082,22.368768327650255],[91.822327286621373,22.368658474814925],[91.82228521492334,22.368502849124237],[91.822322336904165,22.368283142947931],[91.82253517204947,22.367992488379826],[91.82273315804315,22.367678947514044],[91.82285194945969,22.367518744249278],[91.82303756205863,22.367351674827159],[91.823195950314599,22.367184604373854],[91.823285044326155,22.366996936580239],[91.823388986591041,22.366932854816437],[91.824206230717408,22.367347186399627],[91.825124622449792,22.367643322621078],[91.826085309560753,22.367838883100724],[91.826737851173036,22.368006506862429],[91.827765001038571,22.368162954693911],[91.828761939662755,22.368475850660158],[91.829704500567885,22.368749634780649],[91.830471841483586,22.368978718208471],[91.830985415518043,22.369096053902243],[91.832115280549814,22.369207801259382],[91.833039714350804,22.369213388666417],[91.833625038623637,22.369188595065168],[91.835022263843484,22.369101291581348],[91.836089064447378,22.368952876197813],[91.836825439536909,22.368830651596635],[91.837524052146833,22.368717157762088],[91.837967765099975,22.368629853982664]]},"properties":{"objectid":31,"name":"Chashma Khal"}},{"type":"Feature","id":32,"geometry":{"type":"LineString","coordinates":[[91.825798275369593,22.358242841470336],[91.825895433557463,22.358313343367559],[91.825997076135209,22.358381079555002],[91.826082396324267,22.35842349015272],[91.82621728195744,22.358454455887454],[91.826399043478773,22.358502230819433],[91.826563585194421,22.3585455818247],[91.826761608917323,22.358603973275436],[91.82694910887669,22.358651748156095],[91.827047643283578,22.358678289103246],[91.827067687392528,22.358783263164391],[91.827030318374995,22.358990618189321],[91.826988279016334,22.359169894288204],[91.82762638380369,22.359640160120772],[91.828829148917364,22.360653616904465],[91.829473474538091,22.360722498414113],[91.830477026559407,22.360696132317869],[91.830984503728033,22.360769957707056],[91.831560405571835,22.360669766216635],[91.832142009921071,22.360595940774342],[91.832352983757133,22.360611760277926],[91.832421407534014,22.360764684822303],[91.832415705926906,22.360965068425301],[91.832598169930776,22.361054713125181],[91.833772780945154,22.360996707346764],[91.834120603233274,22.361017800510943],[91.834582464850044,22.3610441665463],[91.835956646486281,22.36110217230495],[91.836749224671564,22.361112718879443],[91.837085641948846,22.360580121268988],[91.837245297727634,22.360121347354919],[91.837370742067193,22.359694211977857],[91.837513292126346,22.359224888429168],[91.837576014296133,22.358766110051302],[91.837661543792635,22.358418070130746],[91.837735670074963,22.358265143840743],[91.838253524581717,22.358242622143596],[91.838981760934786,22.358329524520812],[91.839396778104486,22.358409184085634],[91.839580666836397,22.358019290852347],[91.83979573788848,22.357840277462397],[91.839838751919203,22.357452414743754],[91.840118344466575,22.357402688761294],[91.840580747767461,22.35737285349564],[91.841150686594432,22.357382798861828]]},"properties":{"objectid":32,"name":"Hizra Khal"}},{"type":"Feature","id":33,"geometry":{"type":"LineString","coordinates":[[91.819833750242239,22.242151800731989],[91.819703793665042,22.242283022197203],[91.819654174321997,22.242464545104646],[91.81968252784732,22.242672312319765],[91.819708519701734,22.242880079226769],[91.819725059482764,22.243000365365031],[91.819717970876837,22.243210318545032],[91.81963527107348,22.243424645754178],[91.819538394956595,22.243652093983066],[91.819484049576857,22.243988892555098],[91.819448606547297,22.244432853109835],[91.819384809992471,22.244966478278499],[91.819243039670951,22.2456269463],[91.819198145466302,22.246033723349129],[91.819139074049872,22.246147445807381],[91.819020932115265,22.246267728308677],[91.818869710618685,22.24716875541619],[91.81874211661065,22.247566779559381],[91.8185247350917,22.248305964965741],[91.81846093853683,22.248607761391895],[91.81839714198199,22.249010155615185],[91.818264822835573,22.249279147230958],[91.818113600440654,22.249618118932801],[91.8180663436668,22.249946154880167],[91.818011998287062,22.250296059875204],[91.817993075275609,22.250283516990706]]},"properties":{"objectid":33,"name":"15 No Ghat Airport Khal"}},{"type":"Feature","id":34,"geometry":{"type":"LineString","coordinates":[[91.811875673056591,22.270297494550814],[91.810938846996237,22.266270336229116],[91.810666864975971,22.264284680795932],[91.810757525649393,22.262998185063971],[91.811088738986214,22.261286567122351],[91.811325665150846,22.260566115204334],[91.811577097310646,22.259944107733041],[91.81161577966509,22.25948319315555],[91.811717319834941,22.259138625254458],[91.811891388184179,22.258816431297824],[91.812021939446083,22.258579260642048],[91.812331393790103,22.258503186369968],[91.81238941687262,22.258310764102575],[91.812679531386905,22.257008550991802],[91.812911621920321,22.25610460166823],[91.813235583157876,22.255379648512097],[91.814054981444286,22.253863050671473],[91.814811224572949,22.252838782668597],[91.814995673853616,22.252497357781731]]},"properties":{"objectid":34,"name":"Gupta Khal"}},{"type":"Feature","id":35,"geometry":{"type":"LineString","coordinates":[[91.797293816919506,22.279296655485275],[91.796515344080831,22.278437593449958],[91.796418639542154,22.278334685302784],[91.796360616459637,22.27825414710188],[91.796210724469645,22.278187032868839],[91.795959292309846,22.278070701344408],[91.795794894324629,22.277967792096014],[91.795707860150017,22.277882779834208],[91.795688518523633,22.277735127754422],[91.796505673716766,22.276974491469048],[91.797095572211049,22.276428620673109],[91.797226123472967,22.276289915690914],[91.797284145657159,22.276173581757263],[91.797259970196222,22.276093043143153],[91.79322210048629,22.272455101848486],[91.793594862701653,22.270406002469144]]},"properties":{"objectid":35,"name":"Ruby Cement Factory Khal"}},{"type":"Feature","id":36,"geometry":{"type":"LineString","coordinates":[[91.793324575802316,22.288266324902605],[91.793088291034849,22.288126264337791],[91.792840930938183,22.288027196821524],[91.792527116171783,22.287975954917925],[91.791386306066627,22.287958874556285],[91.791198017386449,22.287999867753214],[91.791138945969976,22.28805452588454],[91.791054030921103,22.28808527117792],[91.790958040543131,22.288088687413584],[91.790799287571176,22.288037445532506],[91.790647917852539,22.288020365178358],[91.790478088653103,22.287982787394476],[91.7885915061822,22.287999867753214]]},"properties":{"objectid":36,"name":"Noyerhat Khal"}}]}